_id,ID,Name,Team,Sport,Nationality
67f176e79d01a62c84ae8bf1,1,Stephanie Harper,Knights,Hockey,Germany
67f176e79d01a62c84ae8bf2,2,Amanda Lewis,Dragons,Football,USA
67f176e79d01a62c84ae8bf3,3,Deborah Wilson,Knights,Tennis,UK
67f176e79d01a62c84ae8bf4,4,Scott Preston,Knights,Football,UK
67f176e79d01a62c84ae8bf5,5,Anna Mcdonald,Sharks,Hockey,Brazil
67f176e79d01a62c84ae8bf6,6,Joshua Johnson,Knights,Football,USA
67f176e79d01a62c84ae8bf7,7,Jennifer Chase,Dragons,Tennis,UK
67f176e79d01a62c84ae8bf8,8,Brooke Wall,Sharks,Cricket,UK
67f176e79d01a62c84ae8bf9,9,Kaylee Dominguez,Lions,Cricket,France
67f176e79d01a62c84ae8bfa,10,Scott Lowe,Lions,Basketball,Brazil
67f176e79d01a62c84ae8bfb,11,Christina Patterson,Knights,Football,Canada
67f176e79d01a62c84ae8bfc,12,Andrew Henry,Knights,Tennis,Brazil
67f176e79d01a62c84ae8bfd,13,Lauren Fitzpatrick,Panthers,Tennis,India
67f176e79d01a62c84ae8bfe,14,John Taylor,Eagles,Tennis,USA
67f176e79d01a62c84ae8bff,15,Katherine Calderon,Warriors,Hockey,Brazil
67f176e79d01a62c84ae8c00,16,Ronald Miller,Tigers,Football,USA
67f176e79d01a62c84ae8c01,17,Kimberly Davis,Knights,Tennis,France
67f176e79d01a62c84ae8c02,18,Aaron Morgan,Panthers,Hockey,Canada
67f176e79d01a62c84ae8c03,19,Brenda Davis,Knights,Basketball,France
67f176e79d01a62c84ae8c04,20,Leslie Jones,Knights,Hockey,Germany
67f176e79d01a62c84ae8c05,21,Rachel James,Dragons,Cricket,Australia
67f176e79d01a62c84ae8c06,22,Mark Conley,Warriors,Basketball,Brazil
67f176e79d01a62c84ae8c07,23,Tracey Miller,Eagles,Hockey,USA
67f176e79d01a62c84ae8c08,24,Travis Bonilla,Eagles,Cricket,Canada
67f176e79d01a62c84ae8c09,25,Crystal Williams,Dragons,Tennis,UK
67f176e79d01a62c84ae8c0a,26,Sherry Hunter,Lions,Tennis,Germany
67f176e79d01a62c84ae8c0b,27,Deborah Sampson,Tigers,Football,Germany
67f176e79d01a62c84ae8c0c,28,Kara Pierce,Eagles,Cricket,UK
67f176e79d01a62c84ae8c0d,29,Michael Campbell,Eagles,Basketball,Germany
67f176e79d01a62c84ae8c0e,30,Jessica Bryant,Dragons,Hockey,Canada
67f176e79d01a62c84ae8c0f,31,Nicole Wright,Lions,Football,UK
67f176e79d01a62c84ae8c10,32,Elizabeth Hernandez,Tigers,Cricket,UK
67f176e79d01a62c84ae8c11,33,Patrick Chase,Knights,Football,Australia
67f176e79d01a62c84ae8c12,34,Jonathan Smith,Sharks,Cricket,USA
67f176e79d01a62c84ae8c13,35,Melinda Chavez,Panthers,Football,USA
67f176e79d01a62c84ae8c14,36,George Rodriguez,Lions,Tennis,Brazil
67f176e79d01a62c84ae8c15,37,Emily Anderson,Lions,Hockey,UK
67f176e79d01a62c84ae8c16,38,Carla Alvarez,Panthers,Hockey,India
67f176e79d01a62c84ae8c17,39,Nicole Brown,Knights,Hockey,India
67f176e79d01a62c84ae8c18,40,Alexis Benton,Lions,Cricket,Canada
67f176e79d01a62c84ae8c19,41,Brenda Schneider,Lions,Football,Germany
67f176e79d01a62c84ae8c1a,42,James Miller,Dragons,Tennis,UK
67f176e79d01a62c84ae8c1b,43,Krista Brown,Panthers,Hockey,USA
67f176e79d01a62c84ae8c1c,44,Lonnie Ballard,Knights,Cricket,UK
67f176e79d01a62c84ae8c1d,45,Michael Gonzalez,Tigers,Football,Australia
67f176e79d01a62c84ae8c1e,46,Karen Bryant,Panthers,Hockey,Australia
67f176e79d01a62c84ae8c1f,47,Jennifer Higgins,Panthers,Cricket,France
67f176e79d01a62c84ae8c20,48,John Gross,Dragons,Cricket,Germany
67f176e79d01a62c84ae8c21,49,Kevin Gill,Panthers,Basketball,Brazil
67f176e79d01a62c84ae8c22,50,Christine Hopkins,Sharks,Basketball,Australia
67f176e79d01a62c84ae8c23,51,James Bennett,Dragons,Cricket,India
67f176e79d01a62c84ae8c24,52,Ronald Mcintyre,Panthers,Football,Australia
67f176e79d01a62c84ae8c25,53,Brad Smith,Dragons,Basketball,India
67f176e79d01a62c84ae8c26,54,Jacob Gonzalez,Eagles,Cricket,UK
67f176e79d01a62c84ae8c27,55,Christopher Wilkinson,Dragons,Cricket,Canada
67f176e79d01a62c84ae8c28,56,Michael Malone,Panthers,Tennis,Australia
67f176e79d01a62c84ae8c29,57,Isaac Kennedy,Lions,Hockey,France
67f176e79d01a62c84ae8c2a,58,Hannah Jones,Eagles,Hockey,Australia
67f176e79d01a62c84ae8c2b,59,Thomas Knight,Warriors,Cricket,Australia
67f176e79d01a62c84ae8c2c,60,Maria Morton,Warriors,Tennis,India
67f176e79d01a62c84ae8c2d,61,Brett Roberts,Warriors,Cricket,Germany
67f176e79d01a62c84ae8c2e,62,William Hill,Sharks,Hockey,USA
67f176e79d01a62c84ae8c2f,63,Diane Lee,Warriors,Hockey,Canada
67f176e79d01a62c84ae8c30,64,Brian Robbins,Sharks,Football,India
67f176e79d01a62c84ae8c31,65,James Harris,Panthers,Hockey,India
67f176e79d01a62c84ae8c32,66,Michelle Alexander,Dragons,Hockey,Brazil
67f176e79d01a62c84ae8c33,67,Megan Wilson,Knights,Basketball,Canada
67f176e79d01a62c84ae8c34,68,Michael Rose,Knights,Hockey,Brazil
67f176e79d01a62c84ae8c35,69,Cindy Sparks,Sharks,Basketball,UK
67f176e79d01a62c84ae8c36,70,Mr. Justin Miranda MD,Dragons,Tennis,India
67f176e79d01a62c84ae8c37,71,William Evans,Lions,Hockey,USA
67f176e79d01a62c84ae8c38,72,Stephanie Hughes,Lions,Cricket,Canada
67f176e79d01a62c84ae8c39,73,Michael Dyer,Warriors,Cricket,USA
67f176e79d01a62c84ae8c3a,74,John Martin,Knights,Football,UK
67f176e79d01a62c84ae8c3b,75,Cory Bradford,Dragons,Football,France
67f176e79d01a62c84ae8c3c,76,Andrew Martinez,Warriors,Tennis,Canada
67f176e79d01a62c84ae8c3d,77,Brooke Howard,Panthers,Basketball,Germany
67f176e79d01a62c84ae8c3e,78,Alexander May,Eagles,Tennis,Australia
67f176e79d01a62c84ae8c3f,79,Thomas Wilkins,Tigers,Tennis,Australia
67f176e79d01a62c84ae8c40,80,Laura Mitchell,Knights,Basketball,Brazil
67f176e79d01a62c84ae8c41,81,Gary Mason,Warriors,Cricket,Brazil
67f176e79d01a62c84ae8c42,82,Benjamin Washington,Eagles,Cricket,Brazil
67f176e79d01a62c84ae8c43,83,Angela Ayala,Sharks,Football,UK
67f176e79d01a62c84ae8c44,84,Tracy Crosby,Eagles,Hockey,Australia
67f176e79d01a62c84ae8c45,85,Bobby Jackson,Warriors,Football,France
67f176e79d01a62c84ae8c46,86,Crystal Pacheco,Panthers,Hockey,Germany
67f176e79d01a62c84ae8c47,87,Joshua Gibson,Eagles,Cricket,India
67f176e79d01a62c84ae8c48,88,Heather Diaz,Warriors,Hockey,UK
67f176e79d01a62c84ae8c49,89,Leslie Strong,Eagles,Cricket,Germany
67f176e79d01a62c84ae8c4a,90,Tommy Boyle,Sharks,Cricket,India
67f176e79d01a62c84ae8c4b,91,David Torres,Sharks,Tennis,UK
67f176e79d01a62c84ae8c4c,92,Lynn Young,Panthers,Hockey,France
67f176e79d01a62c84ae8c4d,93,Andrew Brown,Knights,Cricket,UK
67f176e79d01a62c84ae8c4e,94,Adam Payne,Eagles,Hockey,Australia
67f176e79d01a62c84ae8c4f,95,Jessica Lewis,Lions,Basketball,UK
67f176e79d01a62c84ae8c50,96,Deborah Black,Dragons,Football,Australia
67f176e79d01a62c84ae8c51,97,Mike Davis,Panthers,Football,Brazil
67f176e79d01a62c84ae8c52,98,Paul Smith,Warriors,Hockey,Australia
67f176e79d01a62c84ae8c53,99,Albert Chapman,Panthers,Hockey,Canada
67f176e79d01a62c84ae8c54,100,Amanda Smith,Warriors,Cricket,Germany
67f176e79d01a62c84ae8c55,101,Nicole Haney,Sharks,Football,Brazil
67f176e79d01a62c84ae8c56,102,Laura Aguilar,Panthers,Basketball,Australia
67f176e79d01a62c84ae8c57,103,Samuel Manning,Lions,Cricket,Germany
67f176e79d01a62c84ae8c58,104,Katherine Hahn,Panthers,Basketball,Canada
67f176e79d01a62c84ae8c59,105,Amanda Thompson,Warriors,Basketball,USA
67f176e79d01a62c84ae8c5a,106,Breanna Mcgee,Dragons,Cricket,Germany
67f176e79d01a62c84ae8c5b,107,Kendra Torres,Eagles,Basketball,UK
67f176e79d01a62c84ae8c5c,108,Hannah Davis,Tigers,Basketball,Brazil
67f176e79d01a62c84ae8c5d,109,Richard Brown,Tigers,Football,France
67f176e79d01a62c84ae8c5e,110,Colton Thomas,Lions,Basketball,Brazil
67f176e79d01a62c84ae8c5f,111,Seth Strickland,Eagles,Cricket,UK
67f176e79d01a62c84ae8c60,112,Juan Davis,Tigers,Basketball,Brazil
67f176e79d01a62c84ae8c61,113,Christina Valentine,Sharks,Hockey,Canada
67f176e79d01a62c84ae8c62,114,Zachary Bryant,Lions,Football,UK
67f176e79d01a62c84ae8c63,115,David Ingram,Sharks,Football,Germany
67f176e79d01a62c84ae8c64,116,Sharon Anderson,Sharks,Cricket,Australia
67f176e79d01a62c84ae8c65,117,Denise Gutierrez,Sharks,Hockey,Canada
67f176e79d01a62c84ae8c66,118,Joshua Castro,Tigers,Tennis,Australia
67f176e79d01a62c84ae8c67,119,Nichole Gillespie,Knights,Tennis,Australia
67f176e79d01a62c84ae8c68,120,Michael Hawkins,Panthers,Football,France
67f176e79d01a62c84ae8c69,121,Samantha Allen,Lions,Basketball,UK
67f176e79d01a62c84ae8c6a,122,Janet Fitzgerald DDS,Knights,Basketball,Australia
67f176e79d01a62c84ae8c6b,123,Paul Sanchez,Sharks,Football,UK
67f176e79d01a62c84ae8c6c,124,Stephanie Reynolds,Eagles,Cricket,USA
67f176e79d01a62c84ae8c6d,125,Dwayne Turner,Tigers,Basketball,Australia
67f176e79d01a62c84ae8c6e,126,Kathryn Clark,Tigers,Football,India
67f176e79d01a62c84ae8c6f,127,Natalie Frey,Knights,Tennis,Germany
67f176e79d01a62c84ae8c70,128,Jennifer Rodriguez,Eagles,Basketball,France
67f176e79d01a62c84ae8c71,129,Michael Thomas,Warriors,Hockey,Germany
67f176e79d01a62c84ae8c72,130,John Armstrong,Panthers,Hockey,Canada
67f176e79d01a62c84ae8c73,131,Jose Johnston,Knights,Hockey,India
67f176e79d01a62c84ae8c74,132,Shannon Luna,Panthers,Cricket,Australia
67f176e79d01a62c84ae8c75,133,Brenda Bates,Warriors,Basketball,UK
67f176e79d01a62c84ae8c76,134,Joshua Young,Sharks,Football,India
67f176e79d01a62c84ae8c77,135,Jason Warren,Tigers,Football,India
67f176e79d01a62c84ae8c78,136,Timothy Wright,Warriors,Cricket,USA
67f176e79d01a62c84ae8c79,137,Raymond Peterson,Tigers,Hockey,Canada
67f176e79d01a62c84ae8c7a,138,Olivia Tyler,Sharks,Cricket,Australia
67f176e79d01a62c84ae8c7b,140,Bruce Woods,Knights,Cricket,Germany
67f176e79d01a62c84ae8c7c,141,Kenneth Brown,Knights,Football,India
67f176e79d01a62c84ae8c7d,142,James Baker,Lions,Cricket,Canada
67f176e79d01a62c84ae8c7e,143,Jose Watson,Knights,Basketball,Brazil
67f176e79d01a62c84ae8c7f,144,Tiffany Maxwell,Tigers,Football,Germany
67f176e79d01a62c84ae8c80,145,Stacey Griffin,Lions,Basketball,USA
67f176e79d01a62c84ae8c81,146,Jennifer Gardner,Dragons,Hockey,Australia
67f176e79d01a62c84ae8c82,147,Robin Bowman,Knights,Tennis,India
67f176e79d01a62c84ae8c83,148,Paul Davis,Lions,Hockey,India
67f176e79d01a62c84ae8c84,149,Brian Moore,Eagles,Basketball,UK
67f176e79d01a62c84ae8c85,150,Michael Jenkins,Tigers,Cricket,USA
67f176e79d01a62c84ae8c86,151,Connie Good,Knights,Basketball,Germany
67f176e79d01a62c84ae8c87,152,Cesar Jones,Lions,Cricket,Australia
67f176e79d01a62c84ae8c88,153,Justin Cooper,Warriors,Basketball,France
67f176e79d01a62c84ae8c89,154,Darren Rodriguez,Eagles,Hockey,France
67f176e79d01a62c84ae8c8a,155,Gregory Martinez,Panthers,Tennis,India
67f176e79d01a62c84ae8c8b,156,Jon Rodriguez,Warriors,Hockey,Australia
67f176e79d01a62c84ae8c8c,157,Paul Booker,Warriors,Tennis,Australia
67f176e79d01a62c84ae8c8d,158,Eric West,Sharks,Tennis,India
67f176e79d01a62c84ae8c8e,159,Joshua Martinez,Panthers,Tennis,Australia
67f176e79d01a62c84ae8c8f,160,Chelsea Cline,Dragons,Basketball,India
67f176e79d01a62c84ae8c90,161,Terry Mcbride,Knights,Basketball,Germany
67f176e79d01a62c84ae8c91,162,Jason Kaufman,Lions,Hockey,Germany
67f176e79d01a62c84ae8c92,163,Eric Lawrence,Knights,Tennis,Canada
67f176e79d01a62c84ae8c93,164,Michelle Gibson,Tigers,Cricket,Brazil
67f176e79d01a62c84ae8c94,165,Jacob Ortega,Panthers,Tennis,India
67f176e79d01a62c84ae8c95,166,Robert Hughes,Eagles,Tennis,France
67f176e79d01a62c84ae8c96,167,Sergio Hicks,Sharks,Football,India
67f176e79d01a62c84ae8c97,168,Richard Sanchez,Lions,Tennis,Germany
67f176e79d01a62c84ae8c98,169,Miguel Larsen,Tigers,Tennis,Brazil
67f176e79d01a62c84ae8c99,170,Justin Graham,Tigers,Hockey,France
67f176e79d01a62c84ae8c9a,171,Samantha Booth,Eagles,Basketball,Brazil
67f176e79d01a62c84ae8c9b,172,Sean Lane,Eagles,Tennis,Germany
67f176e79d01a62c84ae8c9c,173,Christopher Morgan,Tigers,Hockey,Australia
67f176e79d01a62c84ae8c9d,174,Michael Sullivan,Warriors,Tennis,UK
67f176e79d01a62c84ae8c9e,175,Cynthia Nelson,Panthers,Hockey,Germany
67f176e79d01a62c84ae8c9f,176,John Baker,Dragons,Hockey,UK
67f176e79d01a62c84ae8ca0,177,Christopher Roberson,Lions,Tennis,India
67f176e79d01a62c84ae8ca1,178,Lisa Campos,Dragons,Football,USA
67f176e79d01a62c84ae8ca2,179,Steven Elliott,Eagles,Cricket,Brazil
67f176e79d01a62c84ae8ca3,180,Shawn Williams,Tigers,Cricket,Canada
67f176e79d01a62c84ae8ca4,181,Krista Maldonado,Tigers,Football,Brazil
67f176e79d01a62c84ae8ca5,182,Melissa Holmes,Dragons,Tennis,UK
67f176e79d01a62c84ae8ca6,183,Jane King,Warriors,Tennis,Brazil
67f176e79d01a62c84ae8ca7,184,Kim Miller,Warriors,Hockey,France
67f176e79d01a62c84ae8ca8,185,Henry Griffin,Sharks,Cricket,USA
67f176e79d01a62c84ae8ca9,186,David Mullins,Warriors,Tennis,Canada
67f176e79d01a62c84ae8caa,187,Seth Riley,Knights,Hockey,USA
67f176e79d01a62c84ae8cab,188,Robert Clark,Panthers,Cricket,Germany
67f176e79d01a62c84ae8cac,189,Richard Hayden,Dragons,Cricket,Canada
67f176e79d01a62c84ae8cad,190,Sarah Jenkins,Sharks,Tennis,Canada
67f176e79d01a62c84ae8cae,191,Martha Long,Dragons,Hockey,France
67f176e79d01a62c84ae8caf,192,Zachary Fleming,Sharks,Cricket,India
67f176e79d01a62c84ae8cb0,193,Martin Sandoval,Panthers,Basketball,Australia
67f176e79d01a62c84ae8cb1,194,Kelly Griffin,Eagles,Football,France
67f176e79d01a62c84ae8cb2,195,Selena Haley,Sharks,Basketball,India
67f176e79d01a62c84ae8cb3,196,Alyssa Lewis,Panthers,Tennis,India
67f176e79d01a62c84ae8cb4,197,Anne Lawrence,Warriors,Hockey,France
67f176e79d01a62c84ae8cb5,198,Michelle Taylor,Knights,Basketball,UK
67f176e79d01a62c84ae8cb6,199,David Benton,Eagles,Football,USA
67f176e79d01a62c84ae8cb7,200,Tabitha Ramos,Dragons,Hockey,India
67f176e79d01a62c84ae8cb8,201,Justin Moore,Knights,Football,India
67f176e79d01a62c84ae8cb9,202,Joanna Graham,Warriors,Cricket,Brazil
67f176e79d01a62c84ae8cba,203,Michael Pineda,Sharks,Football,Brazil
67f176e79d01a62c84ae8cbb,204,Marcia Cole,Tigers,Basketball,Canada
67f176e79d01a62c84ae8cbc,205,Mrs. Vanessa Burns MD,Tigers,Tennis,Brazil
67f176e79d01a62c84ae8cbd,206,Ryan Hubbard,Tigers,Basketball,Germany
67f176e79d01a62c84ae8cbe,207,Ian Ochoa,Eagles,Football,Germany
67f176e79d01a62c84ae8cbf,208,Walter Skinner,Knights,Cricket,France
67f176e79d01a62c84ae8cc0,209,Nicole Johnson,Eagles,Basketball,Canada
67f176e79d01a62c84ae8cc1,210,Andrew Miller,Eagles,Basketball,Canada
67f176e79d01a62c84ae8cc2,211,Andrew Yoder,Dragons,Hockey,France
67f176e79d01a62c84ae8cc3,212,Jeffery Sosa,Sharks,Cricket,India
67f176e79d01a62c84ae8cc4,213,Alex Davis,Lions,Cricket,Australia
67f176e79d01a62c84ae8cc5,214,Tracy Patterson,Sharks,Tennis,France
67f176e79d01a62c84ae8cc6,215,Marissa Grant,Sharks,Tennis,Canada
67f176e79d01a62c84ae8cc7,216,Eric Ingram,Warriors,Football,Canada
67f176e79d01a62c84ae8cc8,217,Mr. Caleb Garrett DDS,Knights,Tennis,Brazil
67f176e79d01a62c84ae8cc9,218,Lisa Lawrence,Warriors,Hockey,India
67f176e79d01a62c84ae8cca,219,Michael Bauer,Eagles,Football,France
67f176e79d01a62c84ae8ccb,220,Amber Bailey,Lions,Hockey,Germany
67f176e79d01a62c84ae8ccc,221,Emma Jackson,Tigers,Cricket,Australia
67f176e79d01a62c84ae8ccd,222,Jackson Pacheco,Tigers,Basketball,India
67f176e79d01a62c84ae8cce,223,Adam Fleming,Warriors,Hockey,USA
67f176e79d01a62c84ae8ccf,224,Michael Ho,Sharks,Football,Canada
67f176e79d01a62c84ae8cd0,225,Jessica Wagner,Tigers,Cricket,Australia
67f176e79d01a62c84ae8cd1,226,Debra Mills,Knights,Football,Brazil
67f176e79d01a62c84ae8cd2,227,Cody Zuniga,Warriors,Basketball,India
67f176e79d01a62c84ae8cd3,228,Cameron Alvarado,Dragons,Football,Australia
67f176e79d01a62c84ae8cd4,229,Patricia Arnold,Knights,Basketball,Canada
67f176e79d01a62c84ae8cd5,230,Sheri Sandoval,Warriors,Hockey,Brazil
67f176e79d01a62c84ae8cd6,231,Darrell Wheeler,Knights,Hockey,USA
67f176e79d01a62c84ae8cd7,232,Tracy Reynolds,Dragons,Tennis,India
67f176e79d01a62c84ae8cd8,233,Martin Armstrong,Panthers,Basketball,Brazil
67f176e79d01a62c84ae8cd9,234,Daniel Grant,Eagles,Basketball,Australia
67f176e79d01a62c84ae8cda,235,Jamie Williams,Eagles,Hockey,USA
67f176e79d01a62c84ae8cdb,236,Mary Powell,Sharks,Football,Australia
67f176e79d01a62c84ae8cdc,237,Morgan Ortiz,Sharks,Basketball,India
67f176e79d01a62c84ae8cdd,238,Edgar Davis,Dragons,Football,Canada
67f176e79d01a62c84ae8cde,239,Stephanie Solomon,Panthers,Football,Germany
67f176e79d01a62c84ae8cdf,240,Paul Carr,Dragons,Basketball,Germany
67f176e79d01a62c84ae8ce0,241,Joshua Ramirez,Eagles,Hockey,Germany
67f176e79d01a62c84ae8ce1,242,Joshua Bowen,Dragons,Football,India
67f176e79d01a62c84ae8ce2,243,Jennifer Buchanan,Sharks,Football,Germany
67f176e79d01a62c84ae8ce3,244,Toni Johnson,Panthers,Cricket,India
67f176e79d01a62c84ae8ce4,245,Andrew Mcguire,Lions,Football,France
67f176e79d01a62c84ae8ce5,246,Luis Collins,Eagles,Hockey,Australia
67f176e79d01a62c84ae8ce6,247,Jake Phelps,Sharks,Cricket,Canada
67f176e79d01a62c84ae8ce7,248,David Ramos,Panthers,Tennis,USA
67f176e79d01a62c84ae8ce8,249,Tyler Bennett,Lions,Hockey,UK
67f176e79d01a62c84ae8ce9,250,Sarah Weaver,Warriors,Basketball,USA
67f176e79d01a62c84ae8cea,251,Nicholas Harris,Knights,Football,Germany
67f176e79d01a62c84ae8ceb,252,Mark Krause,Warriors,Football,Germany
67f176e79d01a62c84ae8cec,253,Marco Gillespie,Knights,Tennis,Australia
67f176e79d01a62c84ae8ced,254,Tina Chapman,Dragons,Tennis,UK
67f176e79d01a62c84ae8cee,255,Andrea Johnson,Lions,Cricket,Brazil
67f176e79d01a62c84ae8cef,256,Ryan Vasquez,Lions,Basketball,France
67f176e79d01a62c84ae8cf0,257,Desiree Parker,Lions,Tennis,UK
67f176e79d01a62c84ae8cf1,258,Brandon Smith,Lions,Basketball,Australia
67f176e79d01a62c84ae8cf2,259,Elizabeth Yoder,Sharks,Cricket,Canada
67f176e79d01a62c84ae8cf3,260,Danielle Cunningham,Tigers,Football,Canada
67f176e79d01a62c84ae8cf4,261,Mariah Castro,Tigers,Hockey,UK
67f176e79d01a62c84ae8cf5,262,John Wiley,Knights,Basketball,Brazil
67f176e79d01a62c84ae8cf6,263,Michelle Jackson,Tigers,Football,USA
67f176e79d01a62c84ae8cf7,264,Elizabeth King,Panthers,Cricket,USA
67f176e79d01a62c84ae8cf8,265,Andres Williams,Eagles,Football,Australia
67f176e79d01a62c84ae8cf9,266,Melissa Jones,Dragons,Hockey,Brazil
67f176e79d01a62c84ae8cfa,267,Patrick Henry,Panthers,Tennis,Germany
67f176e79d01a62c84ae8cfb,268,Christian Schroeder,Warriors,Hockey,UK
67f176e79d01a62c84ae8cfc,269,Joshua Foster,Warriors,Tennis,Canada
67f176e79d01a62c84ae8cfd,270,Michelle Baldwin DDS,Dragons,Tennis,India
67f176e79d01a62c84ae8cfe,271,Donna Martinez,Dragons,Hockey,USA
67f176e79d01a62c84ae8cff,272,Cindy Rodriguez,Sharks,Football,Canada
67f176e79d01a62c84ae8d00,273,Brandon Wise,Dragons,Tennis,USA
67f176e79d01a62c84ae8d01,274,Andrea Phillips,Panthers,Basketball,Brazil
67f176e79d01a62c84ae8d02,275,Aaron Dyer,Tigers,Hockey,Canada
67f176e79d01a62c84ae8d03,276,David Douglas,Panthers,Cricket,UK
67f176e79d01a62c84ae8d04,277,Timothy Hardin,Knights,Cricket,USA
67f176e79d01a62c84ae8d05,278,Thomas Fuentes,Warriors,Basketball,UK
67f176e79d01a62c84ae8d06,279,Anthony Morgan,Dragons,Tennis,Germany
67f176e79d01a62c84ae8d07,280,Rebecca Rodriguez,Dragons,Basketball,France
67f176e79d01a62c84ae8d08,281,Alicia Arnold,Sharks,Football,Germany
67f176e79d01a62c84ae8d09,282,Christina Compton,Sharks,Football,France
67f176e79d01a62c84ae8d0a,283,David Patel,Tigers,Hockey,UK
67f176e79d01a62c84ae8d0b,284,William Castro,Lions,Hockey,India
67f176e79d01a62c84ae8d0c,285,Michael Kim,Eagles,Hockey,Germany
67f176e79d01a62c84ae8d0d,286,Lisa Sims,Knights,Basketball,USA
67f176e79d01a62c84ae8d0e,287,Alexander Maynard,Sharks,Basketball,Canada
67f176e79d01a62c84ae8d0f,288,Shawn Sanchez,Sharks,Tennis,Australia
67f176e79d01a62c84ae8d10,289,Phillip Shannon,Warriors,Hockey,UK
67f176e79d01a62c84ae8d11,290,Tara Krueger,Sharks,Tennis,India
67f176e79d01a62c84ae8d12,291,Jesse Rhodes,Panthers,Basketball,Germany
67f176e79d01a62c84ae8d13,292,Jamie Ali,Knights,Football,France
67f176e79d01a62c84ae8d14,293,Jacob Andrews,Tigers,Tennis,UK
67f176e79d01a62c84ae8d15,294,Melissa Hall,Eagles,Tennis,UK
67f176e79d01a62c84ae8d16,295,Joel Scott,Sharks,Football,India
67f176e79d01a62c84ae8d17,296,Diana Morris,Sharks,Cricket,UK
67f176e79d01a62c84ae8d18,297,Deborah Luna,Lions,Football,France
67f176e79d01a62c84ae8d19,298,Katherine Evans,Warriors,Football,India
67f176e79d01a62c84ae8d1a,299,Kristy Harris,Knights,Football,India
67f176e79d01a62c84ae8d1b,300,Angela Taylor,Eagles,Tennis,UK
67f176df75ce4d6dcdc6950c,1000,Adam Campbell,Eagles,Football,Brazil
67f176df75ce4d6dcdc6950d,1001,Amanda Woods,Tigers,Basketball,Brazil
67f176df75ce4d6dcdc6950e,1002,James Warren,Eagles,Cricket,Australia
67f176df75ce4d6dcdc6950f,1003,Jessica Webb,Eagles,Hockey,Germany
67f176df75ce4d6dcdc69510,1004,Sean Martinez,Knights,Hockey,UK
67f176df75ce4d6dcdc69511,1005,Mrs. Ana Martinez,Sharks,Basketball,Germany
67f176df75ce4d6dcdc69512,1006,Pamela Dorsey,Lions,Football,USA
67f176df75ce4d6dcdc69513,1007,Jessica Bernard,Eagles,Basketball,Brazil
67f176df75ce4d6dcdc69514,1008,Bonnie Wood,Tigers,Football,Australia
67f176df75ce4d6dcdc69515,1009,Nicole Sweeney MD,Eagles,Hockey,USA
67f176df75ce4d6dcdc69516,1010,Donna Garcia,Lions,Football,Germany
67f176df75ce4d6dcdc69517,1011,Angel Reynolds,Eagles,Hockey,Australia
67f176df75ce4d6dcdc69518,1012,Lisa Beard,Warriors,Football,India
67f176df75ce4d6dcdc69519,1013,Henry Taylor,Eagles,Hockey,Germany
67f176df75ce4d6dcdc6951a,1014,Robert Price,Tigers,Cricket,UK
67f176df75ce4d6dcdc6951b,1015,Richard Knight,Lions,Cricket,UK
67f176df75ce4d6dcdc6951c,1016,Miguel Hall,Lions,Football,Germany
67f176df75ce4d6dcdc6951d,1017,Valerie Brown,Warriors,Cricket,Germany
67f176df75ce4d6dcdc6951e,1018,Jody Andrews,Warriors,Basketball,Brazil
67f176df75ce4d6dcdc6951f,1019,Rita Wilson,Eagles,Cricket,India
67f176df75ce4d6dcdc69520,1020,Brian Rodriguez,Eagles,Football,India
67f176df75ce4d6dcdc69521,1021,Pamela Patterson,Knights,Cricket,Germany
67f176df75ce4d6dcdc69522,1022,Jeffrey Diaz,Lions,Basketball,India
67f176df75ce4d6dcdc69523,1023,Lisa Acosta,Tigers,Basketball,Germany
67f176df75ce4d6dcdc69524,1024,John Hamilton,Tigers,Cricket,Germany
67f176df75ce4d6dcdc69525,1025,Susan Herring,Knights,Hockey,Germany
67f176df75ce4d6dcdc69526,1026,Cheyenne Marshall,Eagles,Basketball,UK
67f176df75ce4d6dcdc69527,1027,Elizabeth Brooks MD,Sharks,Basketball,USA
67f176df75ce4d6dcdc69528,1028,Stephen Lewis,Sharks,Hockey,Germany
67f176df75ce4d6dcdc69529,1029,Megan Briggs,Sharks,Hockey,USA
67f176df75ce4d6dcdc6952a,1030,Anna Hughes,Warriors,Basketball,Brazil
67f176df75ce4d6dcdc6952b,1031,Tim Harrison,Warriors,Basketball,UK
67f176df75ce4d6dcdc6952c,1032,Karen Andersen,Knights,Football,Germany
67f176df75ce4d6dcdc6952d,1033,Shirley Miller,Warriors,Basketball,UK
67f176df75ce4d6dcdc6952f,1035,Jennifer Gonzales,Lions,Football,Australia
67f176df75ce4d6dcdc69530,1036,Taylor Banks,Eagles,Hockey,India
67f176df75ce4d6dcdc69531,1037,Lisa Harmon,Sharks,Football,Australia
67f176df75ce4d6dcdc69532,1038,James Duarte,Sharks,Football,Brazil
67f176df75ce4d6dcdc69533,1039,Darren Petersen,Tigers,Cricket,USA
67f176df75ce4d6dcdc69534,1040,Jennifer Huber,Warriors,Hockey,Australia
67f176df75ce4d6dcdc69535,1041,Jocelyn Cherry,Lions,Hockey,India
67f176df75ce4d6dcdc69536,1042,Rebecca Thompson,Sharks,Basketball,USA
67f176df75ce4d6dcdc69537,1043,Aaron Campbell,Sharks,Basketball,Brazil
67f176df75ce4d6dcdc69538,1044,Brandy Anderson,Sharks,Basketball,Australia
67f176df75ce4d6dcdc69539,1045,Vincent Stewart,Sharks,Hockey,Germany
67f176df75ce4d6dcdc6953a,1046,Theodore Cross,Eagles,Hockey,India
67f176df75ce4d6dcdc6953b,1047,Jessica Walker,Lions,Basketball,Brazil
67f176df75ce4d6dcdc6953c,1048,Cynthia Jimenez,Knights,Cricket,USA
67f176df75ce4d6dcdc6953d,1049,Johnny Weaver,Lions,Football,USA
67f176df75ce4d6dcdc6953e,1050,David Sandoval,Knights,Cricket,India
67f176df75ce4d6dcdc6953f,1051,Jamie Roman,Eagles,Cricket,USA
67f176df75ce4d6dcdc69540,1052,Stephanie Garcia,Eagles,Football,Australia
67f176df75ce4d6dcdc69541,1053,Sarah Richardson,Tigers,Cricket,Australia
67f176df75ce4d6dcdc69542,1054,Dr. Sara Washington,Sharks,Hockey,UK
67f176df75ce4d6dcdc69543,1055,Joshua Murphy,Sharks,Hockey,India
67f176df75ce4d6dcdc69544,1056,Joseph Baker,Sharks,Cricket,Brazil
67f176df75ce4d6dcdc69545,1057,Mrs. Allison Torres,Sharks,Football,UK
67f176df75ce4d6dcdc69546,1058,Lisa Prince,Eagles,Cricket,India
67f176df75ce4d6dcdc69547,1059,Mr. Joseph Graham,Lions,Hockey,Brazil
67f176df75ce4d6dcdc69548,1060,Dr. Joseph Gross PhD,Eagles,Basketball,Australia
67f176df75ce4d6dcdc69549,1061,Kelsey Koch MD,Knights,Hockey,UK
67f176df75ce4d6dcdc6954a,1062,Christina Walters,Eagles,Cricket,India
67f176df75ce4d6dcdc6954b,1063,Angela Shelton,Lions,Hockey,USA
67f176df75ce4d6dcdc6954c,1064,Mark Cole,Sharks,Basketball,Germany
67f176df75ce4d6dcdc6954d,1065,Sharon Macias,Warriors,Hockey,USA
67f176df75ce4d6dcdc6954e,1066,Jesse Stewart,Tigers,Football,USA
67f176df75ce4d6dcdc6954f,1067,Christina Jarvis,Eagles,Football,Germany
67f176df75ce4d6dcdc69550,1068,Tyler James,Tigers,Basketball,India
67f176df75ce4d6dcdc69551,1069,Elizabeth Williams,Knights,Basketball,India
67f176df75ce4d6dcdc69552,1070,Beverly Sawyer,Lions,Cricket,USA
67f176df75ce4d6dcdc69553,1071,Andrea Page,Tigers,Hockey,India
67f176df75ce4d6dcdc69554,1072,Jacob Howard,Lions,Cricket,UK
67f176df75ce4d6dcdc69555,1073,Emily Watts,Tigers,Basketball,USA
67f176df75ce4d6dcdc69556,1074,Patricia Villa,Eagles,Hockey,India
67f176df75ce4d6dcdc69557,1075,Deanna Rosario,Sharks,Football,USA
67f176df75ce4d6dcdc69558,1076,Kurt Welch,Knights,Cricket,Australia
67f176df75ce4d6dcdc69559,1077,Christian Mckenzie,Eagles,Football,Australia
67f176df75ce4d6dcdc6955a,1078,Jamie Smith,Lions,Cricket,Brazil
67f176df75ce4d6dcdc6955b,1079,Lindsey Vincent,Sharks,Football,Australia
67f176df75ce4d6dcdc6955c,1080,Cynthia Gay,Tigers,Hockey,Germany
67f176df75ce4d6dcdc6955d,1081,Shawn Kaufman,Sharks,Basketball,Brazil
67f176df75ce4d6dcdc6955e,1082,Erin Walker,Lions,Basketball,UK
67f176df75ce4d6dcdc6955f,1083,Andrew Hanson,Sharks,Football,USA
67f176df75ce4d6dcdc69560,1084,Lisa Davis,Sharks,Football,India
67f176df75ce4d6dcdc69561,1085,Kevin Marshall,Lions,Cricket,Australia
67f176df75ce4d6dcdc69562,1086,Theresa Barker,Warriors,Basketball,USA
67f176df75ce4d6dcdc69563,1087,Jennifer Delacruz,Sharks,Basketball,UK
67f176df75ce4d6dcdc69564,1088,Brandy Williams,Lions,Basketball,USA
67f176df75ce4d6dcdc69565,1089,Kendra Olson,Knights,Hockey,UK
67f176df75ce4d6dcdc69566,1090,Danielle Small,Lions,Basketball,India
67f176df75ce4d6dcdc69567,1091,James Wilson,Sharks,Cricket,Australia
67f176df75ce4d6dcdc69568,1092,Michael Patterson,Lions,Football,Brazil
67f176df75ce4d6dcdc69569,1093,Stacy Dudley,Sharks,Hockey,Germany
67f176df75ce4d6dcdc6956a,1094,Sheila Stark,Eagles,Football,UK
67f176df75ce4d6dcdc6956b,1095,Michael Collins,Tigers,Hockey,Brazil
67f176df75ce4d6dcdc6956c,1096,Lori Marshall,Warriors,Hockey,India
67f176df75ce4d6dcdc6956d,1097,Sarah Banks,Lions,Cricket,UK
67f176df75ce4d6dcdc6956e,1098,Drew Smith,Warriors,Cricket,UK
67f176df75ce4d6dcdc6956f,1099,Nicholas Jones,Sharks,Hockey,Brazil
67f176df75ce4d6dcdc69570,1100,Rachael Schultz,Eagles,Football,USA
67f176df75ce4d6dcdc69572,1102,Tanner Hayes,Sharks,Football,USA
67f176df75ce4d6dcdc69573,1103,Joanna Zavala,Tigers,Football,USA
67f176df75ce4d6dcdc69574,1104,Jennifer Orr,Lions,Football,India
67f176df75ce4d6dcdc69575,1105,Andrew Dixon,Tigers,Cricket,Brazil
67f176df75ce4d6dcdc69576,1106,Christina Garcia,Tigers,Cricket,UK
67f176df75ce4d6dcdc69577,1107,Taylor Marks,Warriors,Hockey,UK
67f176df75ce4d6dcdc69578,1108,Veronica Williams,Lions,Cricket,Australia
67f176df75ce4d6dcdc69579,1109,Brianna Graham,Tigers,Cricket,Brazil
67f176df75ce4d6dcdc6957a,1110,Thomas Brown,Sharks,Cricket,UK
67f176df75ce4d6dcdc6957b,1111,Cynthia Oliver,Knights,Basketball,USA
67f176df75ce4d6dcdc6957c,1112,Rachel Brooks,Warriors,Basketball,Germany
67f176df75ce4d6dcdc6957d,1113,Nathan Taylor,Tigers,Football,USA
67f176df75ce4d6dcdc6957e,1114,John Gonzales,Eagles,Hockey,India
67f176df75ce4d6dcdc6957f,1115,Victoria Harrison,Warriors,Football,Australia
67f176df75ce4d6dcdc69580,1116,Austin Romero,Sharks,Basketball,Australia
67f176df75ce4d6dcdc69581,1117,Tonya Patel,Lions,Cricket,Germany
67f176df75ce4d6dcdc69582,1118,Wanda Huber,Tigers,Hockey,USA
67f176df75ce4d6dcdc69583,1119,James Jackson,Eagles,Cricket,India
67f176df75ce4d6dcdc69584,1120,Jill Carlson,Sharks,Basketball,India
67f176df75ce4d6dcdc69585,1121,Ashley Clark,Tigers,Football,Brazil
67f176df75ce4d6dcdc69587,1123,Damon Jackson,Tigers,Cricket,Brazil
67f176df75ce4d6dcdc69588,1124,James Hernandez,Knights,Football,Germany
67f176df75ce4d6dcdc69589,1125,Alexander Mata,Lions,Football,India
67f176df75ce4d6dcdc6958a,1126,Cynthia Wilson,Tigers,Football,Germany
67f176df75ce4d6dcdc6958b,1127,Robin Evans,Sharks,Football,Brazil
67f176df75ce4d6dcdc6958c,1128,Antonio Palmer,Tigers,Cricket,Australia
67f176df75ce4d6dcdc6958d,1129,Katie Stevens,Knights,Cricket,USA
67f176df75ce4d6dcdc6958e,1130,Katherine Morris,Warriors,Football,India
67f176df75ce4d6dcdc6958f,1131,Theresa Morrison,Lions,Football,Germany
67f176df75ce4d6dcdc69590,1132,Dean Nelson,Sharks,Football,UK
67f176df75ce4d6dcdc69591,1133,Rachel Horton,Warriors,Cricket,Australia
67f176df75ce4d6dcdc69592,1134,Jeffrey Mitchell,Eagles,Basketball,Australia
67f176df75ce4d6dcdc69593,1135,Derek Holland,Lions,Hockey,USA
67f176df75ce4d6dcdc69594,1136,Vanessa Jimenez,Eagles,Football,UK
67f176df75ce4d6dcdc69595,1137,Katie Hammond,Warriors,Cricket,UK
67f176df75ce4d6dcdc69596,1138,Rachael Walker,Lions,Hockey,UK
67f176df75ce4d6dcdc69597,1139,Kathleen Douglas,Tigers,Cricket,UK
67f176df75ce4d6dcdc69598,1140,Kevin Rodriguez,Eagles,Hockey,UK
67f176df75ce4d6dcdc69599,1141,Brittany Peters,Eagles,Basketball,India
67f176df75ce4d6dcdc6959a,1142,David Wright,Lions,Hockey,UK
67f176df75ce4d6dcdc6959b,1143,Daniel Sanders,Knights,Basketball,India
67f176df75ce4d6dcdc6959c,1144,Johnny Kim,Sharks,Basketball,Australia
67f176df75ce4d6dcdc6959d,1145,Virginia Phillips,Tigers,Basketball,India
67f176df75ce4d6dcdc6959e,1146,Ronald Robinson,Sharks,Football,Brazil
67f176df75ce4d6dcdc6959f,1147,Shannon Brown,Warriors,Football,India
67f176df75ce4d6dcdc695a0,1148,John Watkins,Eagles,Hockey,UK
67f176df75ce4d6dcdc695a1,1149,Bruce Woodward,Lions,Cricket,USA
67f176df75ce4d6dcdc695a2,1150,Nicholas Wilson,Tigers,Football,Australia
67f176df75ce4d6dcdc695a3,1151,Roger Cole,Knights,Cricket,India
67f176df75ce4d6dcdc695a4,1152,Anthony Ingram,Tigers,Football,UK
67f176df75ce4d6dcdc695a5,1153,Nancy Stevens,Lions,Basketball,Brazil
67f176df75ce4d6dcdc695a6,1154,Crystal Allen,Knights,Basketball,Brazil
67f176df75ce4d6dcdc695a7,1155,Monica Carter,Warriors,Cricket,UK
67f176df75ce4d6dcdc695a8,1156,Cheyenne Short,Eagles,Football,India
67f176df75ce4d6dcdc695a9,1157,Lindsay Henry,Lions,Hockey,Australia
67f176df75ce4d6dcdc695aa,1158,John Trevino,Sharks,Basketball,USA
67f176df75ce4d6dcdc695ab,1159,Joseph Moran,Eagles,Cricket,UK
67f176df75ce4d6dcdc695ac,1160,Alexandria Jimenez,Tigers,Football,USA
67f176df75ce4d6dcdc695ad,1161,Jesus Vasquez,Lions,Cricket,USA
67f176df75ce4d6dcdc695ae,1162,Nicholas Huff,Knights,Basketball,Germany
67f176df75ce4d6dcdc695af,1163,Rachel Riley,Knights,Basketball,Germany
67f176df75ce4d6dcdc695b0,1164,Sarah Kelly,Lions,Football,Australia
67f176df75ce4d6dcdc695b1,1165,James Mclaughlin,Sharks,Basketball,USA
67f176df75ce4d6dcdc695b2,1166,Mr. Jose Mason,Knights,Basketball,USA
67f176df75ce4d6dcdc695b3,1167,Russell Cohen,Lions,Hockey,Australia
67f176df75ce4d6dcdc695b4,1168,Michele Willis,Eagles,Cricket,Germany
67f176df75ce4d6dcdc695b5,1169,Nicole Morgan,Tigers,Basketball,Germany
67f176df75ce4d6dcdc695b6,1170,Jose Adkins,Eagles,Hockey,USA
67f176df75ce4d6dcdc695b7,1171,Elizabeth Sanchez,Eagles,Cricket,Australia
67f176df75ce4d6dcdc695b8,1172,Tracy Castro,Lions,Hockey,UK
67f176df75ce4d6dcdc695b9,1173,Bobby Mendez,Lions,Cricket,India
67f176df75ce4d6dcdc695ba,1174,Cynthia Sellers,Knights,Basketball,UK
67f176df75ce4d6dcdc695bb,1175,Virginia Hernandez,Warriors,Basketball,USA
67f176df75ce4d6dcdc695bc,1176,Phillip Reed,Knights,Football,UK
67f176df75ce4d6dcdc695bd,1177,Bradley Long,Tigers,Cricket,Brazil
67f176df75ce4d6dcdc695be,1178,James Martinez,Warriors,Hockey,Germany
67f176df75ce4d6dcdc695bf,1179,Austin Anderson,Warriors,Hockey,USA
67f176df75ce4d6dcdc695c0,1180,Ray Shaw,Lions,Basketball,India
67f176df75ce4d6dcdc695c1,1181,Stephanie Liu,Knights,Basketball,India
67f176df75ce4d6dcdc695c2,1182,Jacob Henderson,Lions,Cricket,India
67f176df75ce4d6dcdc695c3,1183,Tonya Dawson,Warriors,Hockey,Australia
67f176df75ce4d6dcdc695c4,1184,Alexander Brown,Knights,Cricket,India
67f176df75ce4d6dcdc695c5,1185,Joshua Moreno,Knights,Hockey,USA
67f176df75ce4d6dcdc695c6,1186,Helen Adams,Knights,Football,Germany
67f176df75ce4d6dcdc695c7,1187,Linda Juarez,Eagles,Hockey,Australia
67f176df75ce4d6dcdc695c8,1188,Kyle Diaz,Warriors,Cricket,Australia
67f176df75ce4d6dcdc695c9,1189,Ann Mendez,Lions,Football,Germany
67f176df75ce4d6dcdc695ca,1190,Brandon Johnson,Knights,Cricket,Germany
67f176df75ce4d6dcdc695cb,1191,Jeffery Lane,Lions,Hockey,India
67f176df75ce4d6dcdc695cc,1192,Casey Finley,Lions,Football,India
67f176df75ce4d6dcdc695cd,1193,Anthony King,Eagles,Football,Germany
67f176df75ce4d6dcdc695ce,1194,Heather Burch,Tigers,Football,India
67f176df75ce4d6dcdc695cf,1195,Kelly Porter,Eagles,Basketball,USA
67f176df75ce4d6dcdc695d0,1196,Brooke Suarez,Warriors,Cricket,India
67f176df75ce4d6dcdc695d1,1197,Alison Fry,Lions,Hockey,Germany
67f176df75ce4d6dcdc695d2,1198,Shawn Clark,Warriors,Basketball,India
67f176df75ce4d6dcdc695d3,1199,Jesse Jones,Lions,Basketball,Germany
67f176df75ce4d6dcdc695d4,1200,Teresa Pearson,Tigers,Basketball,Australia
67f176df75ce4d6dcdc695d5,1201,Christopher Torres,Sharks,Hockey,Brazil
67f176df75ce4d6dcdc695d6,1202,Glen Gibbs,Tigers,Football,UK
67f176df75ce4d6dcdc695d7,1203,Debra Solis,Sharks,Cricket,Australia
67f176df75ce4d6dcdc695d8,1204,Robert Collins,Knights,Basketball,Germany
67f176df75ce4d6dcdc695d9,1205,Thomas Gregory,Tigers,Football,India
67f176df75ce4d6dcdc695da,1206,David Payne,Sharks,Hockey,Brazil
67f176df75ce4d6dcdc695db,1207,Jessica Valdez,Tigers,Hockey,Germany
67f176df75ce4d6dcdc695dc,1208,Lee Hickman,Warriors,Cricket,USA
67f176df75ce4d6dcdc695dd,1209,Steven Watkins,Sharks,Cricket,Germany
67f176df75ce4d6dcdc695de,1210,Alexis Huff,Sharks,Cricket,Germany
67f176df75ce4d6dcdc695df,1211,Toni King,Tigers,Hockey,Germany
67f176df75ce4d6dcdc695e0,1212,William Pearson,Warriors,Hockey,Germany
67f176df75ce4d6dcdc695e1,1213,William Conley,Sharks,Football,USA
67f176df75ce4d6dcdc695e3,1215,Marilyn Russo,Tigers,Hockey,USA
67f176df75ce4d6dcdc695e4,1216,Eric Bender,Lions,Basketball,Germany
67f176df75ce4d6dcdc695e5,1217,Laura Christensen,Warriors,Basketball,Brazil
67f176df75ce4d6dcdc695e6,1218,Thomas Wright DDS,Warriors,Hockey,Australia
67f176df75ce4d6dcdc695e7,1219,Jill Cruz,Warriors,Football,Australia
67f176df75ce4d6dcdc695e8,1220,Jennifer Orozco,Eagles,Cricket,India
67f176df75ce4d6dcdc695e9,1221,Amber Walker,Tigers,Cricket,Brazil
67f176df75ce4d6dcdc695ea,1222,Nicole Moore,Lions,Basketball,India
67f176df75ce4d6dcdc695eb,1223,Johnny Martinez,Knights,Basketball,Brazil
67f176df75ce4d6dcdc695ec,1224,Mrs. Dorothy Holland,Eagles,Football,Brazil
67f176df75ce4d6dcdc695ed,1225,Nicholas Martin,Warriors,Basketball,Australia
67f176df75ce4d6dcdc695ee,1226,Jonathan Dominguez,Tigers,Football,Brazil
67f176df75ce4d6dcdc695ef,1227,Terry Thomas,Warriors,Basketball,USA
67f176df75ce4d6dcdc695f0,1228,Amanda Bailey,Eagles,Hockey,USA
67f176df75ce4d6dcdc695f1,1229,Matthew Powers,Warriors,Basketball,UK
67f176df75ce4d6dcdc695f2,1230,Michael Reyes,Knights,Cricket,USA
67f176df75ce4d6dcdc695f3,1231,Amanda Mitchell,Knights,Cricket,USA
67f176df75ce4d6dcdc695f4,1232,Elizabeth Bailey,Tigers,Basketball,USA
67f176df75ce4d6dcdc695f5,1233,Laurie Buck,Eagles,Football,Australia
67f176df75ce4d6dcdc695f6,1234,Keith Bolton,Sharks,Cricket,USA
67f176df75ce4d6dcdc695f7,1235,Benjamin Lee,Eagles,Cricket,UK
67f176df75ce4d6dcdc695f8,1236,Isaiah Collins,Knights,Basketball,Germany
67f176df75ce4d6dcdc695f9,1237,Jessica Miller,Tigers,Cricket,Brazil
67f176df75ce4d6dcdc695fa,1238,Benjamin Wilson,Sharks,Cricket,Brazil
67f176df75ce4d6dcdc695fb,1239,Jonathan Mendoza,Lions,Cricket,Germany
67f176df75ce4d6dcdc695fc,1240,Amanda Berger,Sharks,Basketball,Australia
67f176df75ce4d6dcdc695fd,1241,Dr. Carla Newman,Tigers,Basketball,USA
67f176df75ce4d6dcdc695fe,1242,Jose Todd,Sharks,Cricket,Germany
67f176df75ce4d6dcdc695ff,1243,Robert Bailey,Eagles,Football,UK
67f176df75ce4d6dcdc69600,1244,Charles Garcia,Tigers,Football,USA
67f176df75ce4d6dcdc69601,1245,Dwayne Davenport,Tigers,Cricket,India
67f176df75ce4d6dcdc69602,1246,Ashley Mccarthy,Warriors,Hockey,India
67f176df75ce4d6dcdc69603,1247,Tonya Crawford,Warriors,Basketball,India
67f176df75ce4d6dcdc69604,1248,Laura Calhoun,Eagles,Football,Brazil
67f176df75ce4d6dcdc69605,1249,Tara Farrell,Knights,Football,India
67f176df75ce4d6dcdc69606,1250,James Cooper,Tigers,Basketball,Germany
67f176df75ce4d6dcdc69607,1251,Ryan Herrera,Sharks,Basketball,USA
67f176df75ce4d6dcdc69608,1252,Stacey Bell,Lions,Football,USA
67f176df75ce4d6dcdc69609,1253,Zachary Martin,Lions,Cricket,Australia
67f176df75ce4d6dcdc6960a,1254,Jacqueline Espinoza,Eagles,Cricket,Brazil
67f176df75ce4d6dcdc6960b,1255,Hannah Smith,Eagles,Basketball,Germany
67f176df75ce4d6dcdc6960c,1256,William Lucas,Sharks,Hockey,India
67f176df75ce4d6dcdc6960d,1257,Rebecca Hodge,Knights,Basketball,Germany
67f176df75ce4d6dcdc6960e,1258,Kevin Lyons,Knights,Cricket,Brazil
67f176df75ce4d6dcdc6960f,1259,Raymond Patel,Warriors,Football,USA
67f176df75ce4d6dcdc69610,1260,Danielle Richmond,Sharks,Hockey,Germany
67f176df75ce4d6dcdc69611,1261,Nina Johnson,Knights,Basketball,Brazil
67f176df75ce4d6dcdc69612,1262,Susan Logan,Warriors,Cricket,UK
67f176df75ce4d6dcdc69613,1263,Marie Zamora,Sharks,Cricket,UK
67f176df75ce4d6dcdc69614,1264,Thomas Hood,Tigers,Hockey,USA
67f176df75ce4d6dcdc69615,1265,Danielle Whitaker,Eagles,Hockey,Australia
67f176df75ce4d6dcdc69616,1266,Pamela Barnes,Warriors,Basketball,UK
67f176df75ce4d6dcdc69617,1267,Brenda Williams,Warriors,Cricket,Australia
67f176df75ce4d6dcdc69618,1268,Ronald Green,Lions,Football,Brazil
67f176df75ce4d6dcdc69619,1269,Christopher Palmer,Eagles,Football,Germany
67f176df75ce4d6dcdc6961a,1270,Michael Gross,Eagles,Football,Germany
67f176df75ce4d6dcdc6961b,1271,Elizabeth Collins,Lions,Hockey,UK
67f176df75ce4d6dcdc6961c,1272,Katherine Patterson,Warriors,Cricket,India
67f176df75ce4d6dcdc6961d,1273,Michele Martinez MD,Eagles,Basketball,India
67f176df75ce4d6dcdc6961e,1274,Alan Becker,Knights,Cricket,UK
67f176df75ce4d6dcdc6961f,1275,Lindsay Gutierrez,Knights,Basketball,India
67f176df75ce4d6dcdc69620,1276,Kevin Ellis,Warriors,Hockey,UK
67f176df75ce4d6dcdc69621,1277,Jennifer Carpenter,Warriors,Football,Australia
67f176df75ce4d6dcdc69622,1278,Matthew Cox,Lions,Hockey,UK
67f176df75ce4d6dcdc69623,1279,Amanda Taylor,Eagles,Football,India
67f176df75ce4d6dcdc69624,1280,Jacqueline Farley,Tigers,Football,UK
67f176df75ce4d6dcdc69625,1281,Rebecca Valenzuela,Tigers,Football,USA
67f176df75ce4d6dcdc69626,1282,Joshua Matthews,Knights,Cricket,Australia
67f176df75ce4d6dcdc69627,1283,Mrs. Connie Sutton,Eagles,Cricket,Germany
67f176df75ce4d6dcdc69628,1284,Christina Miller,Sharks,Cricket,Brazil
67f176df75ce4d6dcdc69629,1285,Jillian Hays MD,Knights,Hockey,UK
67f176df75ce4d6dcdc6962a,1286,Joseph Summers,Warriors,Football,Brazil
67f176df75ce4d6dcdc6962b,1287,Shawn Cruz,Eagles,Hockey,India
67f176df75ce4d6dcdc6962c,1288,Omar Anderson,Tigers,Cricket,Australia
67f176df75ce4d6dcdc6962d,1289,Joseph Jones,Knights,Cricket,India
67f176df75ce4d6dcdc6962e,1290,Catherine Jones,Warriors,Basketball,Germany
67f176df75ce4d6dcdc6962f,1291,Elaine Chase,Lions,Basketball,Australia
67f176df75ce4d6dcdc69630,1292,Ann Thomas,Eagles,Football,USA
67f176df75ce4d6dcdc69631,1293,Jacob Wong,Warriors,Basketball,UK
67f176df75ce4d6dcdc69632,1294,Sabrina Fitzpatrick,Knights,Hockey,Germany
67f176df75ce4d6dcdc69633,1295,Heather Kent,Sharks,Basketball,Brazil
67f176df75ce4d6dcdc69634,1296,Richard Riley,Lions,Cricket,India
67f176df75ce4d6dcdc69635,1297,Daniel Barnes,Lions,Cricket,Brazil
67f176df75ce4d6dcdc69636,1298,James Thompson,Tigers,Football,UK
67f176df75ce4d6dcdc69637,1299,Carl Bowers,Sharks,Cricket,Brazil
67f176df75ce4d6dcdc69638,1300,Brad Hicks,Tigers,Cricket,Australia
67f176df75ce4d6dcdc69639,1301,Michelle Stephens,Eagles,Hockey,India
67f176df75ce4d6dcdc6963a,1302,Gregory Jackson,Eagles,Hockey,USA
67f176df75ce4d6dcdc6963b,1303,Cathy Jacobs,Sharks,Football,Brazil
67f176df75ce4d6dcdc6963c,1304,Jonathan Garcia,Tigers,Cricket,Germany
67f176df75ce4d6dcdc6963d,1305,Mrs. Lisa Kelly DDS,Eagles,Football,UK
67f176df75ce4d6dcdc6963e,1306,Lindsey Roberson,Eagles,Hockey,India
67f176df75ce4d6dcdc6963f,1307,Kimberly Webster,Knights,Football,India
67f176df75ce4d6dcdc69640,1308,Jennifer Le,Eagles,Hockey,Australia
67f176df75ce4d6dcdc69641,1309,Timothy Phillips,Eagles,Cricket,Australia
67f176df75ce4d6dcdc69642,1310,Troy Preston,Tigers,Hockey,Germany
67f176df75ce4d6dcdc69643,1311,Christine Rivers,Warriors,Cricket,Brazil
67f176df75ce4d6dcdc69644,1312,Eric Wheeler,Tigers,Football,Germany
67f176df75ce4d6dcdc69645,1313,Catherine Gonzalez,Lions,Hockey,India
67f176df75ce4d6dcdc69646,1314,Michael Johnson,Eagles,Football,Australia
67f176df75ce4d6dcdc69647,1315,Nathan Gonzalez,Eagles,Football,UK
67f176df75ce4d6dcdc69648,1316,David Smith,Knights,Cricket,USA
67f176df75ce4d6dcdc69649,1317,Kyle Haas,Eagles,Cricket,India
67f176df75ce4d6dcdc6964a,1318,Mr. William Stein DVM,Warriors,Basketball,India
67f176df75ce4d6dcdc6964b,1319,Steven Hernandez,Tigers,Football,Australia
67f176df75ce4d6dcdc6964c,1320,Willie Mcmahon,Eagles,Cricket,Brazil
67f176df75ce4d6dcdc6964d,1321,Jacob Bradshaw,Knights,Basketball,Germany
67f176df75ce4d6dcdc6964e,1322,Debra Huang,Knights,Football,Australia
67f176df75ce4d6dcdc6964f,1323,Jeffrey Allen,Warriors,Basketball,Australia
67f176df75ce4d6dcdc69650,1324,Robert Russell,Eagles,Basketball,Brazil
67f176df75ce4d6dcdc69651,1325,Michael Moore,Eagles,Basketball,India
67f176df75ce4d6dcdc69652,1326,Kimberly Booker MD,Warriors,Cricket,UK
67f176df75ce4d6dcdc69653,1327,Cassandra Carr,Lions,Hockey,USA
67f176df75ce4d6dcdc69654,1328,Abigail Jackson,Warriors,Basketball,Brazil
67f176df75ce4d6dcdc69655,1329,Chloe Anderson,Warriors,Basketball,USA
67f176df75ce4d6dcdc69656,1330,John Hunt,Sharks,Hockey,Brazil
67f176df75ce4d6dcdc69657,1331,Michelle Franklin,Knights,Basketball,USA
67f176df75ce4d6dcdc69658,1332,Eddie Hill,Eagles,Basketball,Australia
67f176df75ce4d6dcdc69659,1333,Thomas Bradley,Sharks,Football,UK
67f176df75ce4d6dcdc6965a,1334,Michelle Singleton,Eagles,Cricket,USA
67f176df75ce4d6dcdc6965b,1335,Ronald Mullins,Tigers,Hockey,UK
67f176df75ce4d6dcdc6965c,1336,Diana Harding,Knights,Basketball,India
67f176df75ce4d6dcdc6965d,1337,John Sanchez,Eagles,Hockey,Australia
67f176df75ce4d6dcdc6965e,1338,Jonathan Cole,Eagles,Cricket,UK
67f176df75ce4d6dcdc6965f,1339,Catherine Reese,Sharks,Cricket,UK
67f176df75ce4d6dcdc69660,1340,Tammy Graves MD,Sharks,Hockey,Australia
67f176df75ce4d6dcdc69661,1341,Joseph Cantrell,Warriors,Football,Brazil
67f176df75ce4d6dcdc69662,1342,Victoria Horton,Knights,Cricket,Brazil
67f176df75ce4d6dcdc69663,1343,William Case,Tigers,Cricket,Germany
67f176df75ce4d6dcdc69664,1344,Amy Wise,Tigers,Cricket,UK
67f176df75ce4d6dcdc69665,1345,Brian Kirby,Tigers,Basketball,Australia
67f176df75ce4d6dcdc69666,1346,Kimberly Thompson,Tigers,Football,India
67f176df75ce4d6dcdc69667,1347,Valerie Rios,Warriors,Football,India
67f176df75ce4d6dcdc69668,1348,David Steele,Tigers,Hockey,Brazil
67f176df75ce4d6dcdc69669,1349,Mary Gomez,Tigers,Basketball,Germany
67f176df75ce4d6dcdc6966a,1350,Rachel Thomas,Sharks,Hockey,Australia
67f176df75ce4d6dcdc6966b,1351,Kelsey Bishop,Warriors,Football,UK
67f176df75ce4d6dcdc6966c,1352,Roberto Lawrence,Knights,Football,Australia
67f176df75ce4d6dcdc6966d,1353,Adrian Henderson,Eagles,Basketball,India
67f176df75ce4d6dcdc6966e,1354,Nancy Johnson,Warriors,Basketball,Australia
67f176df75ce4d6dcdc6966f,1355,Steve Caldwell,Knights,Cricket,Australia
67f176df75ce4d6dcdc69670,1356,Judy Mahoney,Eagles,Cricket,Brazil
67f176df75ce4d6dcdc69671,1357,Joshua Burke,Lions,Football,USA
67f176df75ce4d6dcdc69672,1358,Erin King,Warriors,Cricket,UK
67f176df75ce4d6dcdc69673,1359,Jimmy Jacobs,Lions,Football,UK
67f176df75ce4d6dcdc69674,1360,Elizabeth West,Tigers,Hockey,Germany
67f176df75ce4d6dcdc69675,1361,Joseph Cisneros,Sharks,Hockey,Brazil
67f176df75ce4d6dcdc69676,1362,Justin Reynolds,Sharks,Hockey,Brazil
67f176df75ce4d6dcdc69677,1363,Yvette Pollard,Warriors,Football,India
67f176df75ce4d6dcdc69678,1364,Roberta Duffy,Warriors,Basketball,UK
67f176df75ce4d6dcdc69679,1365,Jose Koch,Warriors,Cricket,Brazil
67f176df75ce4d6dcdc6967a,1366,William Salazar,Knights,Hockey,Germany
67f176df75ce4d6dcdc6967b,1367,Allison Castro,Sharks,Basketball,India
67f176df75ce4d6dcdc6967c,1368,Alexander Stafford,Knights,Football,Brazil
67f176df75ce4d6dcdc6967d,1369,Michelle Walker,Eagles,Cricket,Australia
67f176df75ce4d6dcdc6967e,1370,Melissa Martin,Sharks,Football,Australia
67f176df75ce4d6dcdc6967f,1371,Daniel Allen,Lions,Basketball,UK
67f176df75ce4d6dcdc69680,1372,Lindsey Lewis,Warriors,Basketball,Brazil
67f176df75ce4d6dcdc69681,1373,Allen Norton,Eagles,Basketball,UK
67f176df75ce4d6dcdc69682,1374,Kiara Soto,Tigers,Cricket,Australia
67f176df75ce4d6dcdc69683,1375,Elizabeth Castro,Sharks,Football,Brazil
67f176df75ce4d6dcdc69684,1376,Christine Duncan,Lions,Football,India
67f176df75ce4d6dcdc69685,1377,Pamela Martinez,Sharks,Cricket,Australia
67f176df75ce4d6dcdc69686,1378,Cynthia Wise,Knights,Football,Australia
67f176df75ce4d6dcdc69687,1379,Michelle Palmer,Knights,Basketball,UK
67f176df75ce4d6dcdc69688,1380,Billy Nixon,Warriors,Cricket,Brazil
67f176df75ce4d6dcdc69689,1381,Gregory Bauer DDS,Eagles,Hockey,Australia
67f176df75ce4d6dcdc6968a,1382,Gregory James,Knights,Football,India
67f176df75ce4d6dcdc6968b,1383,William Wilkerson,Tigers,Football,Germany
67f176df75ce4d6dcdc6968c,1384,Daniel Frost,Lions,Hockey,Germany
67f176df75ce4d6dcdc6968d,1385,Amanda White,Sharks,Football,Australia
67f176df75ce4d6dcdc6968e,1386,James Hoffman,Sharks,Cricket,Australia
67f176df75ce4d6dcdc6968f,1387,Juan Walters,Knights,Hockey,UK
67f176df75ce4d6dcdc69690,1388,Sergio Thomas,Knights,Football,Brazil
67f176df75ce4d6dcdc69691,1389,Michael Ross,Eagles,Football,USA
67f176df75ce4d6dcdc69692,1390,Christopher Davis,Knights,Cricket,Germany
67f176df75ce4d6dcdc69693,1391,Charles Johnson,Lions,Cricket,Australia
67f176df75ce4d6dcdc69694,1392,Joseph Walker,Knights,Basketball,Germany
67f176df75ce4d6dcdc69695,1393,Alex Fowler,Sharks,Football,UK
67f176df75ce4d6dcdc69696,1394,Natalie Moran,Lions,Cricket,Australia
67f176df75ce4d6dcdc69697,1395,Dr. Andrew Santos Jr.,Lions,Football,India
67f176df75ce4d6dcdc69698,1396,Nathan Garcia,Warriors,Hockey,Germany
67f176df75ce4d6dcdc69699,1397,Lisa Thomas,Tigers,Football,India
67f176df75ce4d6dcdc6969a,1398,Katherine Diaz,Warriors,Hockey,USA
67f176df75ce4d6dcdc6969b,1399,Jared Simpson,Sharks,Football,USA
67f176df75ce4d6dcdc6969c,1400,Jennifer Newton,Eagles,Cricket,Germany
67f176df75ce4d6dcdc6969d,1401,Paul Chen Jr.,Tigers,Basketball,USA
67f176df75ce4d6dcdc6969e,1402,Jennifer Jones,Warriors,Hockey,USA
67f176df75ce4d6dcdc6969f,1403,Rachel Byrd,Warriors,Football,UK
67f176df75ce4d6dcdc696a0,1404,Samuel Clark,Sharks,Hockey,India
67f176df75ce4d6dcdc696a1,1405,Brandon Spears,Warriors,Cricket,Brazil
67f176df75ce4d6dcdc696a2,1406,Kimberly Hanson,Tigers,Basketball,UK
67f176df75ce4d6dcdc696a3,1407,Shelly Schneider,Lions,Basketball,USA
67f176df75ce4d6dcdc696a4,1408,Bryan Stone,Tigers,Basketball,Australia
67f176df75ce4d6dcdc696a5,1409,Angela Long,Tigers,Football,Brazil
67f176df75ce4d6dcdc696a6,1410,Amy Brown,Warriors,Basketball,Germany
67f176df75ce4d6dcdc696a7,1411,Megan Conley,Lions,Football,USA
67f176df75ce4d6dcdc696a8,1412,Mark Allen,Tigers,Football,USA
67f176df75ce4d6dcdc696a9,1413,Nicholas Morris,Sharks,Cricket,India
67f176df75ce4d6dcdc696aa,1414,David Conway,Tigers,Basketball,Australia
67f176df75ce4d6dcdc696ab,1415,Glenn Bradley,Knights,Hockey,India
67f176df75ce4d6dcdc696ac,1416,Kristi Hammond,Knights,Hockey,Brazil
67f176df75ce4d6dcdc696ad,1417,Christine Fisher,Lions,Basketball,Brazil
67f176df75ce4d6dcdc696ae,1418,Brenda Parsons,Eagles,Cricket,Brazil
67f176df75ce4d6dcdc696af,1419,Chad Black,Lions,Basketball,Brazil
67f176df75ce4d6dcdc696b0,1420,Jamie Rodriguez,Eagles,Basketball,Brazil
67f176df75ce4d6dcdc696b1,1421,Alison Clark,Sharks,Football,Australia
67f176df75ce4d6dcdc696b2,1422,Scott Moore,Sharks,Cricket,UK
67f176df75ce4d6dcdc696b3,1423,Julie Bell,Sharks,Cricket,UK
67f176df75ce4d6dcdc696b4,1424,Linda Welch,Eagles,Cricket,India
67f176df75ce4d6dcdc696b5,1425,Charlotte Trujillo,Tigers,Football,Australia
67f176df75ce4d6dcdc696b6,1426,Linda Wright,Knights,Cricket,USA
67f176df75ce4d6dcdc696b7,1427,Michael Jennings,Knights,Hockey,USA
67f176df75ce4d6dcdc696b8,1428,Aaron Gutierrez,Tigers,Cricket,UK
67f176df75ce4d6dcdc696b9,1429,Laura Leonard,Lions,Cricket,USA
67f176df75ce4d6dcdc696ba,1430,Julia Salinas,Sharks,Basketball,Germany
67f176df75ce4d6dcdc696bb,1431,Abigail Caldwell,Lions,Basketball,USA
67f176df75ce4d6dcdc696bc,1432,Leslie Garcia,Sharks,Cricket,Australia
67f176df75ce4d6dcdc696bd,1433,Dylan Jones,Tigers,Football,Brazil
67f176df75ce4d6dcdc696be,1434,Stephanie Estrada,Warriors,Football,UK
67f176df75ce4d6dcdc696bf,1435,Katherine Sanchez,Lions,Football,Germany
67f176df75ce4d6dcdc696c0,1436,Jeffrey Perry,Sharks,Football,Australia
67f176df75ce4d6dcdc696c1,1437,Jason Walker,Sharks,Basketball,Australia
67f176df75ce4d6dcdc696c2,1438,Lori Smith,Knights,Basketball,USA
67f176df75ce4d6dcdc696c3,1439,Pamela Hill,Lions,Hockey,USA
67f176df75ce4d6dcdc696c4,1440,James Mitchell,Warriors,Football,Germany
67f176df75ce4d6dcdc696c5,1441,Jerry Burgess,Lions,Basketball,USA
67f176df75ce4d6dcdc696c6,1442,Ms. Joanna Keller,Knights,Football,USA
67f176df75ce4d6dcdc696c7,1443,John Dougherty,Lions,Football,USA
67f176df75ce4d6dcdc696c8,1444,Tamara Kennedy,Knights,Hockey,USA
67f176df75ce4d6dcdc696c9,1445,Emily Odonnell,Knights,Cricket,Australia
67f176df75ce4d6dcdc696ca,1446,Andrew Berg,Sharks,Basketball,Germany
67f176df75ce4d6dcdc696cb,1447,Taylor Meyer,Warriors,Basketball,UK
67f176df75ce4d6dcdc696cc,1448,Michael Miller,Lions,Basketball,Germany
67f176df75ce4d6dcdc696cd,1449,Barbara Ramos,Sharks,Cricket,India
67f176df75ce4d6dcdc696ce,1450,Robert Walker,Tigers,Cricket,USA
67f176df75ce4d6dcdc696cf,1451,April Day,Lions,Basketball,Australia
67f176df75ce4d6dcdc696d0,1452,Brittany Marshall,Tigers,Cricket,USA
67f176df75ce4d6dcdc696d1,1453,Roberto Petersen,Warriors,Cricket,UK
67f176df75ce4d6dcdc696d2,1454,Kaitlyn Hopkins,Warriors,Cricket,Australia
67f176df75ce4d6dcdc696d3,1455,Rebecca Yoder,Sharks,Cricket,Germany
67f176df75ce4d6dcdc696d4,1456,Andrea Romero,Sharks,Cricket,USA
67f176df75ce4d6dcdc696d5,1457,Jacob Collins,Sharks,Basketball,USA
67f176df75ce4d6dcdc696d6,1458,Susan Atkinson,Tigers,Football,USA
67f176df75ce4d6dcdc696d7,1459,Bonnie Stevenson,Warriors,Football,Germany
67f176df75ce4d6dcdc696d8,1460,David Castillo,Knights,Basketball,India
67f176df75ce4d6dcdc696d9,1461,Elizabeth Delgado,Tigers,Football,UK
67f176df75ce4d6dcdc696da,1462,John Zimmerman,Knights,Hockey,Brazil
67f176df75ce4d6dcdc696db,1463,John Foster,Lions,Basketball,UK
67f176df75ce4d6dcdc696dc,1464,Austin Vasquez,Sharks,Cricket,Brazil
67f176df75ce4d6dcdc696dd,1465,Ronald Lewis,Knights,Football,UK
67f176df75ce4d6dcdc696de,1466,Katherine Goodwin,Lions,Cricket,Australia
67f176df75ce4d6dcdc696df,1467,Chloe Howard,Lions,Cricket,Germany
67f176df75ce4d6dcdc696e0,1468,Daniel Park,Tigers,Basketball,Germany
67f176df75ce4d6dcdc696e1,1469,Brandon Davis,Sharks,Cricket,UK
67f176df75ce4d6dcdc696e2,1470,Mark Kelly,Lions,Cricket,Germany
67f176df75ce4d6dcdc696e3,1471,David Jacobs,Knights,Basketball,India
67f176df75ce4d6dcdc696e4,1472,Patricia Griffin,Sharks,Football,India
67f176df75ce4d6dcdc696e5,1473,Rebecca Norman,Tigers,Cricket,USA
67f176df75ce4d6dcdc696e6,1474,Trevor Gray,Tigers,Cricket,Australia
67f176df75ce4d6dcdc696e7,1475,Michelle Elliott,Knights,Hockey,Australia
67f176df75ce4d6dcdc696e8,1476,Margaret Thompson,Lions,Cricket,UK
67f176df75ce4d6dcdc696e9,1477,James Dunn MD,Sharks,Basketball,USA
67f176df75ce4d6dcdc696ea,1478,Alyssa Nunez,Lions,Football,Australia
67f176df75ce4d6dcdc696eb,1479,Debra Ward,Sharks,Cricket,India
67f176df75ce4d6dcdc696ec,1480,Trevor Duke,Sharks,Cricket,Brazil
67f176df75ce4d6dcdc696ed,1481,Alexander Kelly,Tigers,Football,Australia
67f176df75ce4d6dcdc696ee,1482,Mark Ryan,Lions,Football,Australia
67f176df75ce4d6dcdc696ef,1483,Erin Mcconnell,Sharks,Football,UK
67f176df75ce4d6dcdc696f0,1484,Joseph Ramirez,Knights,Cricket,Australia
67f176df75ce4d6dcdc696f1,1485,Julie Wilson,Warriors,Football,Germany
67f176df75ce4d6dcdc696f2,1486,Anthony Barnes,Warriors,Cricket,Brazil
67f176df75ce4d6dcdc696f3,1487,Rebecca Wheeler,Lions,Cricket,Brazil
67f176df75ce4d6dcdc696f4,1488,Mr. Anthony Santiago,Warriors,Cricket,India
67f176df75ce4d6dcdc696f5,1489,Heather Curtis,Knights,Cricket,India
67f176df75ce4d6dcdc696f6,1490,Corey Welch,Knights,Hockey,India
67f176df75ce4d6dcdc696f7,1491,Tyler Hoffman,Lions,Cricket,Brazil
67f176df75ce4d6dcdc696f8,1492,Isaac Thompson,Lions,Hockey,UK
67f176df75ce4d6dcdc696f9,1493,Laura Anderson,Lions,Basketball,Germany
67f176df75ce4d6dcdc696fa,1494,Timothy Murphy,Knights,Hockey,UK
67f176df75ce4d6dcdc696fb,1495,Ashlee Burke,Warriors,Football,India
67f176df75ce4d6dcdc696fc,1496,Julie Lee,Sharks,Hockey,India
67f176df75ce4d6dcdc696fe,1498,Tyler Nelson,Warriors,Cricket,UK
67f176df75ce4d6dcdc696ff,1499,Joshua Williams,Eagles,Football,India
67f176df75ce4d6dcdc69700,1500,Michele Howard,Knights,Football,UK
67f176df75ce4d6dcdc69701,1501,Kenneth Harrison,Lions,Basketball,Australia
67f176df75ce4d6dcdc69702,1502,Alison Delgado,Eagles,Basketball,UK
67f176df75ce4d6dcdc69703,1503,Michael Rivera,Sharks,Football,Australia
67f176df75ce4d6dcdc69704,1504,Michael Proctor,Warriors,Basketball,USA
67f176df75ce4d6dcdc69705,1505,Scott Freeman,Tigers,Cricket,Brazil
67f176df75ce4d6dcdc69706,1506,Randy Campbell,Eagles,Basketball,Germany
67f176df75ce4d6dcdc69707,1507,Kyle Harmon,Tigers,Football,India
67f176df75ce4d6dcdc69709,1509,Paul Ramsey,Sharks,Football,USA
67f176df75ce4d6dcdc6970a,1510,Sue Hoover,Eagles,Cricket,USA
67f176df75ce4d6dcdc6970b,1511,Suzanne Hunt,Lions,Hockey,Brazil
67f176df75ce4d6dcdc6970c,1512,Bryan Anderson,Eagles,Football,USA
67f176df75ce4d6dcdc6970d,1513,Erin Hartman,Warriors,Hockey,Australia
67f176df75ce4d6dcdc6970e,1514,Mr. Anthony Haley,Tigers,Football,USA
67f176df75ce4d6dcdc6970f,1515,Patricia Huffman,Lions,Basketball,UK
67f176df75ce4d6dcdc69710,1516,Scott Roth,Sharks,Hockey,Germany
67f176df75ce4d6dcdc69711,1517,Robert Hernandez,Warriors,Hockey,USA
67f176df75ce4d6dcdc69712,1518,Amber Lewis,Warriors,Cricket,Brazil
67f176df75ce4d6dcdc69713,1519,Susan Ramos,Eagles,Basketball,India
67f176df75ce4d6dcdc69714,1520,Emily Reeves,Lions,Hockey,India
67f176df75ce4d6dcdc69715,1521,Shannon Dixon,Lions,Cricket,USA
67f176df75ce4d6dcdc69716,1522,Dominique Singh,Sharks,Football,India
67f176df75ce4d6dcdc69717,1523,Laura Brown,Lions,Hockey,UK
67f176df75ce4d6dcdc69718,1524,Sherry Gregory,Eagles,Hockey,Brazil
67f176df75ce4d6dcdc69719,1525,Travis Walls,Warriors,Basketball,USA
67f176df75ce4d6dcdc6971a,1526,Heather Smith,Warriors,Basketball,India
67f176df75ce4d6dcdc6971b,1527,Brandi Riley,Knights,Basketball,Brazil
67f176df75ce4d6dcdc6971c,1528,Andrea Gonzalez,Tigers,Basketball,India
67f176df75ce4d6dcdc6971d,1529,Jason Weaver,Lions,Cricket,India
67f176df75ce4d6dcdc6971e,1530,Michelle Jones,Eagles,Basketball,UK
67f176df75ce4d6dcdc6971f,1531,Mary Molina,Knights,Basketball,Brazil
67f176df75ce4d6dcdc69720,1532,Julia Ortiz,Tigers,Hockey,India
67f176df75ce4d6dcdc69721,1533,Carol Bryan,Knights,Hockey,UK
67f176df75ce4d6dcdc69722,1534,Rachel Miller,Sharks,Hockey,Brazil
67f176df75ce4d6dcdc69723,1535,Billy Johnson,Lions,Hockey,USA
67f176df75ce4d6dcdc69724,1536,Maria Cardenas,Warriors,Hockey,Germany
67f176df75ce4d6dcdc69725,1537,Scott Smith,Tigers,Basketball,USA
67f176df75ce4d6dcdc69726,1538,Elizabeth Simpson,Tigers,Cricket,USA
67f176df75ce4d6dcdc69727,1539,Christina Hampton,Lions,Hockey,India
67f176df75ce4d6dcdc69728,1540,Natalie Ross,Sharks,Basketball,India
67f176df75ce4d6dcdc69729,1541,Lisa Wilkins,Eagles,Basketball,Australia
67f176df75ce4d6dcdc6972a,1542,Brian Davis,Knights,Hockey,Germany
67f176df75ce4d6dcdc6972b,1543,Katie Callahan,Sharks,Basketball,Australia
67f176df75ce4d6dcdc6972c,1544,Diane Booker,Tigers,Basketball,Australia
67f176df75ce4d6dcdc6972d,1545,William Jackson,Eagles,Football,Australia
67f176df75ce4d6dcdc6972e,1546,Amy Richardson,Sharks,Football,Brazil
67f176df75ce4d6dcdc6972f,1547,Jon Johnson,Tigers,Hockey,Germany
67f176df75ce4d6dcdc69730,1548,Edwin Jordan,Eagles,Basketball,India
67f176df75ce4d6dcdc69731,1549,Darlene Martin,Tigers,Football,USA
67f176df75ce4d6dcdc69732,1550,Miss Jacqueline Gardner MD,Knights,Basketball,Germany
67f176df75ce4d6dcdc69733,1551,Robert Obrien,Tigers,Hockey,Germany
67f176df75ce4d6dcdc69734,1552,Heather Schultz,Lions,Basketball,UK
67f176df75ce4d6dcdc69735,1553,Gina Nolan,Eagles,Basketball,India
67f176df75ce4d6dcdc69736,1554,Brenda Wade,Lions,Football,USA
67f176df75ce4d6dcdc69737,1555,David Mack,Lions,Cricket,Germany
67f176df75ce4d6dcdc69738,1556,Joshua Nicholson,Tigers,Football,UK
67f176df75ce4d6dcdc69739,1557,David Ellis,Sharks,Hockey,India
67f176df75ce4d6dcdc6973a,1558,William Gonzalez,Knights,Football,Germany
67f176df75ce4d6dcdc6973b,1559,David Brown,Warriors,Basketball,Australia
67f176df75ce4d6dcdc6973c,1560,Joel Clark,Warriors,Hockey,Brazil
67f176df75ce4d6dcdc6973d,1561,Mark Johnson,Knights,Hockey,Australia
67f176df75ce4d6dcdc6973e,1562,Jane Garrison,Lions,Hockey,UK
67f176df75ce4d6dcdc6973f,1563,Gina Hensley,Lions,Cricket,UK
67f176df75ce4d6dcdc69740,1564,Taylor Franco,Eagles,Cricket,Australia
67f176df75ce4d6dcdc69741,1565,Wendy Anderson,Warriors,Hockey,UK
67f176df75ce4d6dcdc69742,1566,Christopher Craig,Eagles,Hockey,USA
67f176df75ce4d6dcdc69743,1567,Diana Page,Tigers,Football,India
67f176df75ce4d6dcdc69744,1568,Mathew Mitchell,Eagles,Cricket,USA
67f176df75ce4d6dcdc69745,1569,Jenny Baker,Knights,Basketball,USA
67f176df75ce4d6dcdc69746,1570,Heidi Barton,Lions,Basketball,UK
67f176df75ce4d6dcdc69747,1571,Janet Obrien,Warriors,Basketball,UK
67f176df75ce4d6dcdc69748,1572,Nicholas Robertson,Tigers,Football,India
67f176df75ce4d6dcdc69749,1573,Eric Lang,Warriors,Football,UK
67f176df75ce4d6dcdc6974a,1574,Laura Patrick,Sharks,Hockey,USA
67f176df75ce4d6dcdc6974b,1575,Crystal Love,Knights,Hockey,Brazil
67f176df75ce4d6dcdc6974c,1576,Tristan Myers,Eagles,Football,Brazil
67f176df75ce4d6dcdc6974d,1577,Christina Johnson,Sharks,Basketball,Brazil
67f176df75ce4d6dcdc6974e,1578,Kim Campbell,Warriors,Basketball,USA
67f176df75ce4d6dcdc6974f,1579,Jacob Ho,Warriors,Cricket,India
67f176df75ce4d6dcdc69750,1580,Aaron Short,Knights,Hockey,UK
67f176df75ce4d6dcdc69751,1581,Jessica Wyatt,Knights,Hockey,Germany
67f176df75ce4d6dcdc69752,1582,Allison Taylor,Knights,Football,Brazil
67f176df75ce4d6dcdc69753,1583,Alison Wolf,Sharks,Hockey,USA
67f176df75ce4d6dcdc69754,1584,Danielle Gutierrez,Warriors,Hockey,Germany
67f176df75ce4d6dcdc69755,1585,Barbara Morgan,Tigers,Hockey,Brazil
67f176df75ce4d6dcdc69756,1586,Michael Castillo,Tigers,Cricket,India
67f176df75ce4d6dcdc69757,1587,Vanessa Adams,Tigers,Hockey,Australia
67f176df75ce4d6dcdc69758,1588,James Holmes,Tigers,Basketball,Germany
67f176df75ce4d6dcdc69759,1589,Victor Petty,Warriors,Basketball,UK
67f176df75ce4d6dcdc6975a,1590,Karen Perry,Eagles,Cricket,India
67f176df75ce4d6dcdc6975b,1591,Michelle Wilcox,Eagles,Cricket,India
67f176df75ce4d6dcdc6975c,1592,Stephen Hall,Lions,Football,Germany
67f176df75ce4d6dcdc6975d,1593,Mary Roberts,Lions,Basketball,Australia
67f176df75ce4d6dcdc6975e,1594,Diamond Landry,Lions,Basketball,Germany
67f176df75ce4d6dcdc6975f,1595,Mitchell Wallace,Lions,Basketball,Germany
67f176df75ce4d6dcdc69760,1596,Elizabeth Walton,Sharks,Hockey,USA
67f176df75ce4d6dcdc69761,1597,Nancy Brooks,Eagles,Hockey,India
67f176df75ce4d6dcdc69762,1598,Mary Vaughn,Knights,Basketball,UK
67f176df75ce4d6dcdc69763,1599,Rebecca Barton,Tigers,Basketball,India
67f176df75ce4d6dcdc69764,1600,Calvin Freeman,Knights,Hockey,Brazil
67f176df75ce4d6dcdc69765,1601,Stephanie Burns,Warriors,Cricket,USA
67f176df75ce4d6dcdc69766,1602,Andrea Casey,Knights,Football,Australia
67f176df75ce4d6dcdc69767,1603,Jessica Edwards,Knights,Cricket,Brazil
67f176df75ce4d6dcdc69768,1604,Jocelyn Howard,Warriors,Cricket,India
67f176df75ce4d6dcdc69769,1605,Brent Garrett,Sharks,Hockey,USA
67f176df75ce4d6dcdc6976a,1606,Lisa Jackson,Tigers,Hockey,USA
67f176df75ce4d6dcdc6976b,1607,Matthew Drake,Lions,Cricket,India
67f176df75ce4d6dcdc6976d,1609,Craig Potter,Warriors,Cricket,Brazil
67f176df75ce4d6dcdc6976e,1610,Raymond Johnson,Tigers,Cricket,Germany
67f176df75ce4d6dcdc6976f,1611,Kyle Burns,Tigers,Hockey,Germany
67f176df75ce4d6dcdc69770,1612,Melissa Murphy,Tigers,Hockey,India
67f176df75ce4d6dcdc69771,1613,Julie Brooks,Sharks,Football,UK
67f176df75ce4d6dcdc69772,1614,Daniel Stewart,Knights,Basketball,India
67f176df75ce4d6dcdc69773,1615,Vicki Williams,Lions,Hockey,USA
67f176df75ce4d6dcdc69774,1616,Christian Robinson,Sharks,Football,USA
67f176df75ce4d6dcdc69775,1617,Brian Berry,Tigers,Hockey,India
67f176df75ce4d6dcdc69776,1618,Douglas Holmes,Tigers,Hockey,India
67f176df75ce4d6dcdc69777,1619,Desiree Bass,Knights,Basketball,USA
67f176df75ce4d6dcdc69778,1620,James Barker,Sharks,Hockey,UK
67f176df75ce4d6dcdc69779,1621,Karen Kelley,Sharks,Football,UK
67f176df75ce4d6dcdc6977a,1622,Diana Watkins,Warriors,Football,USA
67f176df75ce4d6dcdc6977b,1623,Courtney Wyatt,Tigers,Hockey,Germany
67f176df75ce4d6dcdc6977c,1624,Rachael Johnson,Eagles,Football,India
67f176df75ce4d6dcdc6977d,1625,Colleen Price,Tigers,Hockey,Australia
67f176df75ce4d6dcdc6977e,1626,Lori Myers,Sharks,Basketball,UK
67f176df75ce4d6dcdc6977f,1627,Lindsay Bailey,Eagles,Hockey,Australia
67f176df75ce4d6dcdc69780,1628,Angela Gilbert,Eagles,Basketball,Germany
67f176df75ce4d6dcdc69781,1629,Jennifer Rasmussen,Lions,Basketball,USA
67f176df75ce4d6dcdc69782,1630,Meredith Howard,Sharks,Basketball,Brazil
67f176df75ce4d6dcdc69783,1631,Christine Gray,Sharks,Football,Germany
67f176df75ce4d6dcdc69784,1632,Lacey Fisher,Tigers,Cricket,Australia
67f176df75ce4d6dcdc69785,1633,Michael Henry,Lions,Basketball,Australia
67f176df75ce4d6dcdc69786,1634,Joshua Ortega,Warriors,Cricket,USA
67f176df75ce4d6dcdc69787,1635,Miguel Henderson,Warriors,Hockey,UK
67f176df75ce4d6dcdc69788,1636,Amber Owen,Sharks,Football,USA
67f176df75ce4d6dcdc69789,1637,Amy Chung,Warriors,Cricket,UK
67f176df75ce4d6dcdc6978a,1638,Patricia Quinn,Tigers,Cricket,Australia
67f176df75ce4d6dcdc6978b,1639,Thomas Cantu,Tigers,Basketball,UK
67f176df75ce4d6dcdc6978c,1640,Adam Nolan,Sharks,Football,UK
67f176df75ce4d6dcdc6978d,1641,Lauren Bates,Warriors,Football,Germany
67f176df75ce4d6dcdc6978e,1642,John Garcia,Sharks,Cricket,Australia
67f176df75ce4d6dcdc6978f,1643,Lindsay King,Lions,Football,Australia
67f176df75ce4d6dcdc69790,1644,Katherine Preston MD,Lions,Cricket,Brazil
67f176df75ce4d6dcdc69791,1645,Annette Norris,Tigers,Basketball,Germany
67f176df75ce4d6dcdc69792,1646,Nichole Garcia,Eagles,Basketball,USA
67f176df75ce4d6dcdc69793,1647,Stephanie Duffy,Sharks,Hockey,Brazil
67f176df75ce4d6dcdc69794,1648,Erik Mack,Warriors,Basketball,USA
67f176df75ce4d6dcdc69795,1649,Jean Torres,Tigers,Hockey,India
67f176df75ce4d6dcdc69796,1650,Donna Thomas,Knights,Football,India
67f176df75ce4d6dcdc69797,1651,Mr. Patrick Bennett,Sharks,Basketball,UK
67f176df75ce4d6dcdc69798,1652,Logan Johnson,Eagles,Hockey,Germany
67f176df75ce4d6dcdc69799,1653,Eric Ryan,Eagles,Cricket,UK
67f176df75ce4d6dcdc6979a,1654,David Harvey,Knights,Cricket,Australia
67f176df75ce4d6dcdc6979b,1655,Monica Tucker,Tigers,Basketball,UK
67f176df75ce4d6dcdc6979c,1656,Madison Parker,Knights,Football,USA
67f176df75ce4d6dcdc6979d,1657,Sara Gonzalez,Knights,Hockey,Brazil
67f176df75ce4d6dcdc6979e,1658,Sandra Walters,Eagles,Basketball,UK
67f176df75ce4d6dcdc6979f,1659,Ricky Price,Tigers,Football,USA
67f176df75ce4d6dcdc697a0,1660,Christopher Moore,Warriors,Hockey,Brazil
67f176df75ce4d6dcdc697a1,1661,Kaitlyn Williams,Lions,Hockey,Brazil
67f176df75ce4d6dcdc697a2,1662,Dustin Smith,Eagles,Football,Australia
67f176df75ce4d6dcdc697a3,1663,Lauren Kane,Lions,Football,Germany
67f176df75ce4d6dcdc697a4,1664,Mckenzie Strong,Knights,Basketball,USA
67f176df75ce4d6dcdc697a5,1665,Dillon Smith,Eagles,Cricket,India
67f176df75ce4d6dcdc697a6,1666,Jessica Cook,Warriors,Cricket,Australia
67f176df75ce4d6dcdc697a7,1667,Jessica Shea,Lions,Football,UK
67f176df75ce4d6dcdc697a8,1668,Rhonda Greene,Tigers,Football,USA
67f176df75ce4d6dcdc697a9,1669,David Baker,Eagles,Basketball,UK
67f176df75ce4d6dcdc697aa,1670,Denise Nolan,Sharks,Hockey,Germany
67f176df75ce4d6dcdc697ab,1671,Debbie Nelson,Tigers,Basketball,India
67f176df75ce4d6dcdc697ac,1672,Kevin Williamson,Tigers,Basketball,UK
67f176df75ce4d6dcdc697ad,1673,Timothy Pearson,Tigers,Football,Australia
67f176df75ce4d6dcdc697ae,1674,Gina Johnston,Knights,Hockey,Brazil
67f176df75ce4d6dcdc697af,1675,Kathryn Jones,Eagles,Football,Brazil
67f176df75ce4d6dcdc697b0,1676,David Hernandez,Tigers,Football,USA
67f176df75ce4d6dcdc697b1,1677,Victoria Gardner,Knights,Basketball,UK
67f176df75ce4d6dcdc697b2,1678,Rachel Jenkins,Tigers,Basketball,Germany
67f176df75ce4d6dcdc697b3,1679,Andrew Woodward,Tigers,Hockey,Australia
67f176df75ce4d6dcdc697b4,1680,Jenny Reed,Lions,Hockey,India
67f176df75ce4d6dcdc697b5,1681,Patricia Lambert,Knights,Hockey,USA
67f176df75ce4d6dcdc697b6,1682,Susan Hall,Eagles,Football,India
67f176df75ce4d6dcdc697b7,1683,Michael King,Lions,Basketball,Brazil
67f176df75ce4d6dcdc697b8,1684,Steven Williams Jr.,Tigers,Basketball,Brazil
67f176df75ce4d6dcdc697b9,1685,Cynthia Caldwell MD,Lions,Football,Germany
67f176df75ce4d6dcdc697ba,1686,Joseph Herring,Warriors,Cricket,India
67f176df75ce4d6dcdc697bb,1687,Rhonda Stephens,Knights,Cricket,Brazil
67f176df75ce4d6dcdc697bc,1688,Lee Vincent,Eagles,Hockey,Brazil
67f176df75ce4d6dcdc697bd,1689,Amber Snow,Warriors,Cricket,Germany
67f176df75ce4d6dcdc697be,1690,Sandra Cohen,Knights,Football,Germany
67f176df75ce4d6dcdc697bf,1691,Jill Farrell,Knights,Football,USA
67f176df75ce4d6dcdc697c0,1692,Morgan Myers,Eagles,Hockey,UK
67f176df75ce4d6dcdc697c1,1693,Colin Stark,Sharks,Cricket,UK
67f176df75ce4d6dcdc697c2,1694,Roy Wagner,Lions,Football,India
67f176df75ce4d6dcdc697c3,1695,Tara Lewis,Sharks,Cricket,Germany
67f176df75ce4d6dcdc697c4,1696,Ricky Bradley,Sharks,Hockey,India
67f176df75ce4d6dcdc697c5,1697,Michele Chaney,Tigers,Hockey,UK
67f176df75ce4d6dcdc697c6,1698,Nicole Thomas,Warriors,Hockey,Germany
67f176df75ce4d6dcdc697c7,1699,Laura Carter,Knights,Basketball,Germany
67f176df75ce4d6dcdc697c8,1700,Wendy Thornton,Warriors,Cricket,Brazil
67f176df75ce4d6dcdc697c9,1701,Miguel Ballard,Knights,Football,USA
67f176df75ce4d6dcdc697ca,1702,Amanda Horton,Warriors,Basketball,India
67f176df75ce4d6dcdc697cb,1703,Steven Mcgrath,Warriors,Hockey,Australia
67f176df75ce4d6dcdc697cc,1704,Mark Casey,Warriors,Football,Germany
67f176df75ce4d6dcdc697cd,1705,Ryan Brown,Sharks,Basketball,Germany
67f176df75ce4d6dcdc697ce,1706,Cameron Ho,Sharks,Basketball,UK
67f176df75ce4d6dcdc697cf,1707,Christopher Edwards,Lions,Cricket,Australia
67f176df75ce4d6dcdc697d0,1708,Anna Montes,Eagles,Football,India
67f176df75ce4d6dcdc697d1,1709,Mrs. Crystal Abbott DVM,Knights,Cricket,Germany
67f176df75ce4d6dcdc697d2,1710,Tyler Lamb,Eagles,Basketball,UK
67f176df75ce4d6dcdc697d3,1711,William Young,Lions,Cricket,India
67f176df75ce4d6dcdc697d4,1712,Jonathan Hernandez,Warriors,Hockey,Germany
67f176df75ce4d6dcdc697d5,1713,Patrick Jenkins,Eagles,Cricket,Brazil
67f176df75ce4d6dcdc697d7,1715,Hannah Grant,Sharks,Cricket,India
67f176df75ce4d6dcdc697d8,1716,David Powell,Lions,Football,USA
67f176df75ce4d6dcdc697d9,1717,Spencer Fisher,Tigers,Cricket,USA
67f176df75ce4d6dcdc697da,1718,Phillip Hernandez,Eagles,Football,Australia
67f176df75ce4d6dcdc697db,1719,Lisa Hart,Knights,Basketball,India
67f176df75ce4d6dcdc697dc,1720,Christopher Osborn,Tigers,Cricket,Brazil
67f176df75ce4d6dcdc697dd,1721,Evelyn Martinez,Knights,Basketball,India
67f176df75ce4d6dcdc697de,1722,Megan Fleming,Lions,Hockey,USA
67f176df75ce4d6dcdc697df,1723,Tonya Mason,Sharks,Cricket,USA
67f176df75ce4d6dcdc697e0,1724,Olivia Roman,Lions,Football,Australia
67f176df75ce4d6dcdc697e1,1725,Samantha Villanueva,Tigers,Basketball,USA
67f176df75ce4d6dcdc697e2,1726,Dawn Perkins,Eagles,Cricket,USA
67f176df75ce4d6dcdc697e3,1727,Emily Myers,Lions,Hockey,Germany
67f176df75ce4d6dcdc697e4,1728,Brian Palmer,Lions,Football,Brazil
67f176df75ce4d6dcdc697e5,1729,David Henry,Eagles,Hockey,Brazil
67f176df75ce4d6dcdc697e6,1730,Robert Robinson,Warriors,Basketball,Australia
67f176df75ce4d6dcdc697e7,1731,Cassandra Lester,Warriors,Hockey,Germany
67f176df75ce4d6dcdc697e8,1732,Mitchell Brown,Warriors,Football,UK
67f176df75ce4d6dcdc697e9,1733,Eric Palmer,Tigers,Hockey,India
67f176df75ce4d6dcdc697ea,1734,Brian Lopez,Tigers,Hockey,UK
67f176df75ce4d6dcdc697eb,1735,Richard Yu,Knights,Hockey,Brazil
67f176df75ce4d6dcdc697ec,1736,Jason Brown,Warriors,Hockey,India
67f176df75ce4d6dcdc697ed,1737,Jessica Mathis,Sharks,Football,Australia
67f176df75ce4d6dcdc697ee,1738,Robert Watkins DDS,Warriors,Cricket,UK
67f176df75ce4d6dcdc697ef,1739,Stephen Barker,Lions,Football,Brazil
67f176df75ce4d6dcdc697f0,1740,Kelsey Henderson,Warriors,Football,Australia
67f176df75ce4d6dcdc697f1,1741,Lindsay Villa,Sharks,Hockey,Australia
67f176df75ce4d6dcdc697f2,1742,Alicia Williams,Lions,Basketball,Germany
67f176df75ce4d6dcdc697f3,1743,Carol Johnson,Warriors,Football,India
67f176df75ce4d6dcdc697f4,1744,Betty Morales,Sharks,Football,Germany
67f176df75ce4d6dcdc697f5,1745,Amanda Gardner,Tigers,Hockey,Germany
67f176df75ce4d6dcdc697f6,1746,Albert Solomon,Sharks,Football,USA
67f176df75ce4d6dcdc697f7,1747,Christian Luna,Eagles,Cricket,Germany
67f176df75ce4d6dcdc697f8,1748,Lisa Howard,Tigers,Cricket,Germany
67f176df75ce4d6dcdc697f9,1749,Wendy Perez,Warriors,Hockey,Australia
67f176df75ce4d6dcdc697fa,1750,Teresa Welch,Tigers,Football,UK
67f176df75ce4d6dcdc697fb,1751,Christina Rogers,Tigers,Football,Australia
67f176df75ce4d6dcdc697fc,1752,James Dudley,Eagles,Hockey,Germany
67f176df75ce4d6dcdc697fd,1753,Amanda Jones,Tigers,Hockey,Australia
67f176df75ce4d6dcdc697fe,1754,William Brown,Tigers,Cricket,UK
67f176df75ce4d6dcdc697ff,1755,Madison Glass,Knights,Football,USA
67f176df75ce4d6dcdc69800,1756,Valerie Estrada,Sharks,Football,Australia
67f176df75ce4d6dcdc69801,1757,Andrea Morris,Sharks,Basketball,UK
67f176df75ce4d6dcdc69802,1758,Carla Cox,Sharks,Cricket,Brazil
67f176df75ce4d6dcdc69803,1759,Amanda Anderson,Sharks,Football,Brazil
67f176df75ce4d6dcdc69804,1760,Laurie Clark,Lions,Basketball,Australia
67f176df75ce4d6dcdc69806,1762,Pamela Vargas,Sharks,Basketball,India
67f176df75ce4d6dcdc69807,1763,Charles Anthony,Knights,Cricket,USA
67f176df75ce4d6dcdc69808,1764,Matthew Bradley,Tigers,Hockey,Australia
67f176df75ce4d6dcdc69809,1765,Joseph Brown,Lions,Basketball,UK
67f176df75ce4d6dcdc6980a,1766,Brenda Andrews,Warriors,Basketball,Australia
67f176df75ce4d6dcdc6980b,1767,Nathaniel Jacobs,Eagles,Cricket,Germany
67f176df75ce4d6dcdc6980c,1768,Dawn Santos,Lions,Hockey,Australia
67f176df75ce4d6dcdc6980d,1769,Daisy Baker,Eagles,Football,Brazil
67f176df75ce4d6dcdc6980e,1770,Karen Mejia,Sharks,Hockey,India
67f176df75ce4d6dcdc6980f,1771,David Huang,Tigers,Cricket,Brazil
67f176df75ce4d6dcdc69810,1772,Daniel Roberts,Knights,Hockey,Brazil
67f176df75ce4d6dcdc69811,1773,Latasha Martin,Tigers,Hockey,USA
67f176df75ce4d6dcdc69812,1774,John Hughes,Sharks,Hockey,Germany
67f176df75ce4d6dcdc69813,1775,Nathan Hamilton,Sharks,Cricket,USA
67f176df75ce4d6dcdc69814,1776,Stephanie Campbell,Eagles,Cricket,USA
67f176df75ce4d6dcdc69815,1777,Jason Hernandez,Warriors,Hockey,UK
67f176df75ce4d6dcdc69816,1778,Stephanie Jones,Knights,Basketball,Brazil
67f176df75ce4d6dcdc69817,1779,Joann Walker,Knights,Cricket,Australia
67f176df75ce4d6dcdc69818,1780,Ashley Taylor,Warriors,Basketball,Australia
67f176df75ce4d6dcdc69819,1781,Sarah Brown,Warriors,Hockey,UK
67f176df75ce4d6dcdc6981a,1782,Donald Ayala,Eagles,Hockey,Brazil
67f176df75ce4d6dcdc6981b,1783,Adam Robertson,Tigers,Cricket,UK
67f176df75ce4d6dcdc6981c,1784,David Henderson,Knights,Cricket,Germany
67f176df75ce4d6dcdc6981d,1785,Sonya Hanson,Eagles,Hockey,UK
67f176df75ce4d6dcdc6981e,1786,David Simmons,Tigers,Hockey,India
67f176df75ce4d6dcdc6981f,1787,Holly Johnson,Lions,Cricket,Australia
67f176df75ce4d6dcdc69820,1788,Cynthia Travis,Warriors,Football,Germany
67f176df75ce4d6dcdc69821,1789,Maria Brown,Tigers,Cricket,Brazil
67f176df75ce4d6dcdc69822,1790,Leroy Turner,Knights,Football,UK
67f176df75ce4d6dcdc69823,1791,Alison Zimmerman,Knights,Football,Brazil
67f176df75ce4d6dcdc69824,1792,Ross Daniel,Knights,Football,UK
67f176df75ce4d6dcdc69825,1793,Dr. Heather Moss,Warriors,Cricket,UK
67f176df75ce4d6dcdc69826,1794,Tina Bond,Tigers,Basketball,Brazil
67f176df75ce4d6dcdc69827,1795,Marvin Crawford,Warriors,Basketball,Australia
67f176df75ce4d6dcdc69828,1796,Alexis Rice,Lions,Hockey,Australia
67f176df75ce4d6dcdc69829,1797,Melissa Hernandez,Tigers,Football,UK
67f176df75ce4d6dcdc6982a,1798,Sarah Daniel,Eagles,Hockey,USA
67f176df75ce4d6dcdc6982b,1799,Jeremy Myers,Eagles,Basketball,UK
67f176df75ce4d6dcdc6982c,1800,Rickey Delgado,Warriors,Football,Australia
67f176df75ce4d6dcdc6982d,1801,Justin Vazquez,Knights,Cricket,Australia
67f176df75ce4d6dcdc6982e,1802,Jillian Brooks,Warriors,Football,Australia
67f176df75ce4d6dcdc6982f,1803,Margaret Reyes,Knights,Basketball,India
67f176df75ce4d6dcdc69830,1804,Timothy White,Sharks,Cricket,India
67f176df75ce4d6dcdc69831,1805,Benjamin Hale,Sharks,Football,India
67f176df75ce4d6dcdc69832,1806,Cindy Campbell,Lions,Hockey,India
67f176df75ce4d6dcdc69833,1807,Dr. Michelle Simon,Warriors,Cricket,Australia
67f176df75ce4d6dcdc69834,1808,Laura West,Sharks,Basketball,Australia
67f176df75ce4d6dcdc69835,1809,David Arnold,Eagles,Cricket,Brazil
67f176df75ce4d6dcdc69836,1810,Amanda Jackson,Sharks,Basketball,Brazil
67f176df75ce4d6dcdc69837,1811,Melissa Bennett,Tigers,Hockey,Australia
67f176df75ce4d6dcdc69838,1812,Emily Mullins,Warriors,Football,Brazil
67f176df75ce4d6dcdc69839,1813,Jose Fleming,Lions,Cricket,Germany
67f176df75ce4d6dcdc6983a,1814,Nicole Meyer,Tigers,Cricket,Brazil
67f176df75ce4d6dcdc6983b,1815,Adam Chavez,Lions,Cricket,Australia
67f176df75ce4d6dcdc6983c,1816,Jeffrey Richardson,Warriors,Football,Australia
67f176df75ce4d6dcdc6983d,1817,Paul Parsons,Lions,Basketball,Germany
67f176df75ce4d6dcdc6983e,1818,Kathryn Cole,Tigers,Basketball,India
67f176df75ce4d6dcdc6983f,1819,Amanda Downs,Knights,Football,UK
67f176df75ce4d6dcdc69840,1820,Matthew Haney,Lions,Hockey,UK
67f176df75ce4d6dcdc69841,1821,Robert Mathis,Sharks,Hockey,Germany
67f176df75ce4d6dcdc69842,1822,Michelle Thompson,Warriors,Football,India
67f176df75ce4d6dcdc69843,1823,Melanie Chase,Knights,Cricket,Brazil
67f176df75ce4d6dcdc69844,1824,Kelly Farley,Eagles,Basketball,Germany
67f176df75ce4d6dcdc69845,1825,Melissa Williams,Tigers,Football,UK
67f176df75ce4d6dcdc69846,1826,Cheryl Long,Lions,Hockey,Brazil
67f176df75ce4d6dcdc69847,1827,Megan Hall,Sharks,Cricket,India
67f176df75ce4d6dcdc69848,1828,Donald Conrad,Knights,Basketball,Brazil
67f176df75ce4d6dcdc69849,1829,Gary Bennett,Sharks,Basketball,USA
67f176df75ce4d6dcdc6984a,1830,Edwin Johnson,Eagles,Cricket,USA
67f176df75ce4d6dcdc6984b,1831,Shelley Sullivan,Lions,Hockey,UK
67f176df75ce4d6dcdc6984c,1832,Robert Hendrix,Tigers,Football,India
67f176df75ce4d6dcdc6984d,1833,Brian Thompson,Knights,Football,Germany
67f176df75ce4d6dcdc6984e,1834,Christine Williams,Eagles,Cricket,USA
67f176df75ce4d6dcdc6984f,1835,Bruce Smith,Tigers,Football,Brazil
67f176df75ce4d6dcdc69850,1836,Laura Robinson,Sharks,Cricket,India
67f176df75ce4d6dcdc69851,1837,Emily Smith,Tigers,Cricket,USA
67f176df75ce4d6dcdc69852,1838,Teresa Pena,Lions,Football,Australia
67f176df75ce4d6dcdc69853,1839,Cynthia Gutierrez,Tigers,Football,India
67f176df75ce4d6dcdc69854,1840,Brandi Peck,Sharks,Hockey,Germany
67f176df75ce4d6dcdc69855,1841,Heather Burns,Eagles,Hockey,Brazil
67f176df75ce4d6dcdc69856,1842,Dawn Logan,Eagles,Football,USA
67f176df75ce4d6dcdc69857,1843,Ronald Orr,Sharks,Football,Germany
67f176df75ce4d6dcdc69859,1845,Natalie Chavez,Warriors,Basketball,UK
67f176df75ce4d6dcdc6985a,1846,Gina Gomez,Knights,Cricket,Germany
67f176df75ce4d6dcdc6985b,1847,Stephanie Frazier,Tigers,Hockey,Brazil
67f176df75ce4d6dcdc6985c,1848,Lauren Byrd,Warriors,Hockey,India
67f176df75ce4d6dcdc6985d,1849,Abigail Weaver,Warriors,Hockey,USA
67f176df75ce4d6dcdc6985e,1850,Kathryn Mccormick,Sharks,Cricket,Germany
67f176df75ce4d6dcdc6985f,1851,Brett Gonzales,Warriors,Football,USA
67f176df75ce4d6dcdc69860,1852,Jennifer Edwards,Eagles,Football,India
67f176df75ce4d6dcdc69861,1853,Melissa Sullivan,Tigers,Cricket,India
67f176df75ce4d6dcdc69862,1854,Mr. Neil Lopez MD,Eagles,Basketball,India
67f176df75ce4d6dcdc69863,1855,Allen Sexton,Warriors,Hockey,Australia
67f176df75ce4d6dcdc69864,1856,Eddie Crawford,Tigers,Basketball,Brazil
67f176df75ce4d6dcdc69865,1857,Jeffrey Norris,Warriors,Basketball,Brazil
67f176df75ce4d6dcdc69866,1858,Mary Cannon,Eagles,Cricket,UK
67f176df75ce4d6dcdc69867,1859,David Robinson,Knights,Hockey,UK
67f176df75ce4d6dcdc69868,1860,Alex Grant,Sharks,Football,Brazil
67f176df75ce4d6dcdc69869,1861,Brendan Banks,Sharks,Cricket,Australia
67f176df75ce4d6dcdc6986a,1862,Justin Farmer,Sharks,Cricket,Brazil
67f176df75ce4d6dcdc6986b,1863,Michael Rojas,Eagles,Cricket,USA
67f176df75ce4d6dcdc6986c,1864,Evan Greene,Sharks,Hockey,Australia
67f176df75ce4d6dcdc6986d,1865,Kristie Wright,Tigers,Football,USA
67f176df75ce4d6dcdc6986e,1866,Abigail Lee,Tigers,Cricket,Australia
67f176df75ce4d6dcdc6986f,1867,Frederick Hull,Lions,Basketball,USA
67f176df75ce4d6dcdc69870,1868,Dennis Bird,Sharks,Hockey,Brazil
67f176df75ce4d6dcdc69871,1869,Dale Olson,Lions,Hockey,USA
67f176df75ce4d6dcdc69872,1870,Caitlyn Church,Tigers,Football,Australia
67f176df75ce4d6dcdc69873,1871,Kevin Richard,Knights,Cricket,UK
67f176df75ce4d6dcdc69874,1872,Casey Olson,Knights,Cricket,Brazil
67f176df75ce4d6dcdc69875,1873,Sarah Castillo,Eagles,Basketball,Germany
67f176df75ce4d6dcdc69876,1874,Amy Aguilar,Knights,Cricket,USA
67f176df75ce4d6dcdc69877,1875,Michael Mitchell,Lions,Hockey,Brazil
67f176df75ce4d6dcdc69878,1876,Becky Newton,Lions,Basketball,Brazil
67f176df75ce4d6dcdc69879,1877,Annette Nielsen,Warriors,Hockey,India
67f176df75ce4d6dcdc6987a,1878,Jonathan Swanson,Tigers,Hockey,India
67f176df75ce4d6dcdc6987b,1879,Nicholas Knight,Eagles,Basketball,UK
67f176df75ce4d6dcdc6987c,1880,David Rush,Sharks,Football,Germany
67f176df75ce4d6dcdc6987d,1881,Bryan Barnes,Tigers,Football,Brazil
67f176df75ce4d6dcdc6987e,1882,Mary Collier,Lions,Football,USA
67f176df75ce4d6dcdc6987f,1883,Ronald Kelley,Tigers,Football,UK
67f176df75ce4d6dcdc69880,1884,Jeremy Townsend,Lions,Football,Australia
67f176df75ce4d6dcdc69881,1885,Carrie Rodriguez,Lions,Football,Brazil
67f176df75ce4d6dcdc69882,1886,Michelle Hill,Sharks,Basketball,USA
67f176df75ce4d6dcdc69883,1887,Kathryn Sanchez,Knights,Basketball,Brazil
67f176df75ce4d6dcdc69884,1888,Grant Holt,Lions,Hockey,UK
67f176df75ce4d6dcdc69885,1889,Bob Steele,Tigers,Hockey,USA
67f176df75ce4d6dcdc69886,1890,Richard Moody,Warriors,Cricket,Australia
67f176df75ce4d6dcdc69887,1891,Chad Patterson,Knights,Cricket,UK
67f176df75ce4d6dcdc69888,1892,Jeremiah Cox,Warriors,Hockey,Germany
67f176df75ce4d6dcdc69889,1893,Aimee Sanford,Eagles,Hockey,Brazil
67f176df75ce4d6dcdc6988a,1894,Joe Wise,Lions,Basketball,Brazil
67f176df75ce4d6dcdc6988b,1895,William Rios,Lions,Hockey,India
67f176df75ce4d6dcdc6988c,1896,Jose Ellis,Knights,Hockey,USA
67f176df75ce4d6dcdc6988d,1897,Nancy Calderon,Warriors,Football,Brazil
67f176df75ce4d6dcdc6988e,1898,Jeremy Roberts,Sharks,Cricket,Brazil
67f176df75ce4d6dcdc6988f,1899,Gregory Diaz,Warriors,Cricket,UK
67f176df75ce4d6dcdc69890,1900,Marilyn Burke,Eagles,Football,Brazil
67f176df75ce4d6dcdc69891,1901,Crystal Smith,Sharks,Cricket,UK
67f176df75ce4d6dcdc69892,1902,Charles Hernandez,Tigers,Basketball,UK
67f176df75ce4d6dcdc69893,1903,Hunter Sanford,Sharks,Hockey,Australia
67f176df75ce4d6dcdc69894,1904,Alicia Dillon,Sharks,Hockey,India
67f176df75ce4d6dcdc69895,1905,Haley Brown,Tigers,Basketball,USA
67f176df75ce4d6dcdc69896,1906,Thomas Davis,Eagles,Football,Australia
67f176df75ce4d6dcdc69897,1907,Lisa Bond,Knights,Cricket,Brazil
67f176df75ce4d6dcdc69898,1908,Lauren Harris,Eagles,Basketball,Australia
67f176df75ce4d6dcdc69899,1909,Jeffrey Bond,Eagles,Hockey,Brazil
67f176df75ce4d6dcdc6989a,1910,Shari Stewart,Lions,Cricket,Germany
67f176df75ce4d6dcdc6989b,1911,Stephanie Snow,Tigers,Cricket,UK
67f176df75ce4d6dcdc6989c,1912,Charles Ramirez,Eagles,Cricket,UK
67f176df75ce4d6dcdc6989d,1913,Evelyn Moore,Eagles,Basketball,UK
67f176df75ce4d6dcdc6989e,1914,Daniel Herrera,Tigers,Football,USA
67f176df75ce4d6dcdc6989f,1915,Kelly Morales,Sharks,Basketball,Brazil
67f176df75ce4d6dcdc698a0,1916,Margaret Willis,Knights,Hockey,UK
67f176df75ce4d6dcdc698a1,1917,Daniel Flores,Warriors,Cricket,Brazil
67f176df75ce4d6dcdc698a2,1918,Sherry King,Knights,Cricket,Brazil
67f176df75ce4d6dcdc698a3,1919,Nicholas Mcclure,Eagles,Football,India
67f176df75ce4d6dcdc698a4,1920,Sarah Scott,Eagles,Basketball,USA
67f176df75ce4d6dcdc698a5,1921,Rita Avila,Lions,Football,UK
67f176df75ce4d6dcdc698a6,1922,Tammy Kelly MD,Warriors,Football,Germany
67f176df75ce4d6dcdc698a7,1923,Michael Russell,Eagles,Football,USA
67f176df75ce4d6dcdc698a8,1924,Mrs. Cassandra Graham,Knights,Hockey,USA
67f176df75ce4d6dcdc698a9,1925,Justin Davis DDS,Lions,Basketball,UK
67f176df75ce4d6dcdc698aa,1926,Richard Moreno,Sharks,Hockey,USA
67f176df75ce4d6dcdc698ab,1927,John Bennett,Warriors,Cricket,India
67f176df75ce4d6dcdc698ac,1928,Brandon Boyd,Sharks,Football,India
67f176df75ce4d6dcdc698ad,1929,Scott Spence,Knights,Hockey,UK
67f176df75ce4d6dcdc698ae,1930,Natalie Stark,Tigers,Football,UK
67f176df75ce4d6dcdc698af,1931,Austin Duncan,Tigers,Hockey,UK
67f176df75ce4d6dcdc698b0,1932,Elizabeth Nguyen,Warriors,Cricket,Australia
67f176df75ce4d6dcdc698b1,1933,Barbara Anderson,Tigers,Football,Australia
67f176df75ce4d6dcdc698b2,1934,Heather Ford,Knights,Football,Australia
67f176df75ce4d6dcdc698b3,1935,Chris Benson,Eagles,Basketball,India
67f176df75ce4d6dcdc698b4,1936,Cathy Mcdonald,Sharks,Cricket,India
67f176df75ce4d6dcdc698b5,1937,Gina Lewis,Eagles,Cricket,Australia
67f176df75ce4d6dcdc698b6,1938,Javier Newman,Lions,Basketball,USA
67f176df75ce4d6dcdc698b8,1940,Samantha Kaiser,Sharks,Cricket,UK
67f176df75ce4d6dcdc698b9,1941,Daniel Horton,Sharks,Basketball,UK
67f176df75ce4d6dcdc698ba,1942,Steven Carter,Lions,Football,USA
67f176df75ce4d6dcdc698bb,1943,Cassandra Hess,Knights,Cricket,Brazil
67f176df75ce4d6dcdc698bc,1944,Michelle Levine,Knights,Football,Germany
67f176df75ce4d6dcdc698bd,1945,Michael Williams,Sharks,Basketball,Australia
67f176df75ce4d6dcdc698be,1946,Amanda Gaines,Warriors,Basketball,UK
67f176df75ce4d6dcdc698bf,1947,William Mcdonald,Knights,Basketball,Brazil
67f176df75ce4d6dcdc698c0,1948,Jacqueline Bond,Lions,Hockey,Brazil
67f176df75ce4d6dcdc698c1,1949,Eric Washington,Tigers,Basketball,USA
67f176df75ce4d6dcdc698c2,1950,Walter Martin,Lions,Hockey,Germany
67f176df75ce4d6dcdc698c3,1951,Todd Clay,Lions,Football,India
67f176df75ce4d6dcdc698c4,1952,Christine Chavez,Sharks,Basketball,Australia
67f176df75ce4d6dcdc698c5,1953,Douglas Zamora,Eagles,Cricket,Australia
67f176df75ce4d6dcdc698c6,1954,Michael Burns,Knights,Cricket,India
67f176df75ce4d6dcdc698c7,1955,Mary Jones,Knights,Football,USA
67f176df75ce4d6dcdc698c8,1956,Jamie Walker,Sharks,Cricket,Brazil
67f176df75ce4d6dcdc698c9,1957,Christopher Russell,Knights,Hockey,UK
67f176df75ce4d6dcdc698ca,1958,Christopher Turner,Sharks,Hockey,Brazil
67f176df75ce4d6dcdc698cb,1959,Troy Frazier,Lions,Hockey,UK
67f176df75ce4d6dcdc698cd,1961,Norman Hodges,Knights,Football,Germany
67f176df75ce4d6dcdc698ce,1962,Jessica Schneider,Eagles,Cricket,UK
67f176df75ce4d6dcdc698cf,1963,Jimmy Lee,Tigers,Football,India
67f176df75ce4d6dcdc698d0,1964,Brandon Turner,Lions,Football,Australia
67f176df75ce4d6dcdc698d1,1965,Amanda Greene,Lions,Football,USA
67f176df75ce4d6dcdc698d2,1966,Thomas Thompson,Sharks,Basketball,USA
67f176df75ce4d6dcdc698d3,1967,Megan Montes,Tigers,Cricket,UK
67f176df75ce4d6dcdc698d4,1968,Seth Rodgers,Sharks,Football,Brazil
67f176df75ce4d6dcdc698d5,1969,Patrick Baird,Eagles,Hockey,UK
67f176df75ce4d6dcdc698d6,1970,Alyssa Smith,Eagles,Basketball,UK
67f176df75ce4d6dcdc698d7,1971,Nicole Bowman,Lions,Hockey,Brazil
67f176df75ce4d6dcdc698d8,1972,Veronica Bautista,Sharks,Basketball,USA
67f176df75ce4d6dcdc698d9,1973,Cassidy Kennedy,Warriors,Hockey,Australia
67f176df75ce4d6dcdc698da,1974,Richard Williams,Sharks,Hockey,Germany
67f176df75ce4d6dcdc698db,1975,Kenneth Gonzalez,Lions,Hockey,Brazil
67f176df75ce4d6dcdc698dc,1976,Derrick Jackson,Knights,Hockey,USA
67f176df75ce4d6dcdc698dd,1977,Cynthia Ryan,Eagles,Cricket,USA
67f176df75ce4d6dcdc698de,1978,David Camacho,Sharks,Cricket,USA
67f176df75ce4d6dcdc698df,1979,Jeffery Peters,Eagles,Basketball,Brazil
67f176df75ce4d6dcdc698e0,1980,Tracy Hodges,Warriors,Basketball,Brazil
67f176df75ce4d6dcdc698e1,1981,Michael Meyer,Lions,Football,UK
67f176df75ce4d6dcdc698e2,1982,Angelica Alexander,Eagles,Hockey,USA
67f176df75ce4d6dcdc698e3,1983,Robert Wells,Sharks,Football,Australia
67f176df75ce4d6dcdc698e4,1984,Charles Moreno,Knights,Basketball,Brazil
67f176df75ce4d6dcdc698e5,1985,Ronald Daniels,Eagles,Football,UK
67f176df75ce4d6dcdc698e6,1986,Julia Carter,Warriors,Basketball,Brazil
67f176df75ce4d6dcdc698e7,1987,Christine Sparks,Warriors,Football,UK
67f176df75ce4d6dcdc698e8,1988,Nicole Hunter,Eagles,Football,India
67f176df75ce4d6dcdc698e9,1989,Mark Cunningham,Knights,Cricket,Australia
67f176df75ce4d6dcdc698ea,1990,Kevin Lam,Tigers,Football,USA
67f176df75ce4d6dcdc698eb,1991,Amber Miller DVM,Knights,Hockey,USA
67f176df75ce4d6dcdc698ec,1992,Molly Martin,Sharks,Hockey,India
67f176df75ce4d6dcdc698ed,1993,Tiffany Silva,Knights,Cricket,Brazil
67f176df75ce4d6dcdc698ee,1994,Lucas Payne,Warriors,Basketball,USA
67f176df75ce4d6dcdc698ef,1995,Eric Lambert,Eagles,Cricket,USA
67f176df75ce4d6dcdc698f0,1996,James Lawrence,Warriors,Basketball,Brazil
67f176df75ce4d6dcdc698f1,1997,Holly Armstrong,Sharks,Cricket,USA
67f176df75ce4d6dcdc698f2,1998,Scott Pena,Knights,Football,Germany
67f176df75ce4d6dcdc698f3,1999,Lisa Adams,Lions,Basketball,UK
