ID,Name,Team,Sport,Nationality
1,Stephanie Harper,Knights,Hockey,Germany
2,Amanda Lewis,Dragons,Football,USA
3,Deborah Wilson,Knights,Tennis,UK
4,Scott Preston,Knights,Football,UK
5,Anna Mcdonald,Sharks,Hockey,Brazil
6,Joshua Johnson,Knights,Football,USA
7,Jennifer Chase,Dragons,Tennis,UK
8,Brooke Wall,Sharks,Cricket,UK
9,Kaylee Dominguez,Lions,Cricket,France
10,Scott Lowe,Lions,Basketball,Brazil
11,Christina Patterson,Knights,Football,Canada
12,Andrew Henry,Knights,Tennis,Brazil
13,Lauren Fitzpatrick,Panthers,Tennis,India
14,John Taylor,Eagles,Tennis,USA
15,Katherine Calderon,Warriors,Hockey,Brazil
16,Ronald Miller,Tigers,Football,USA
17,Kimberly Davis,Knights,Tennis,France
18,Aaron Morgan,Panthers,Hockey,Canada
19,Brenda Davis,Knights,Basketball,France
20,Leslie Jones,Knights,Hockey,Germany
21,Rachel James,Dragons,Cricket,Australia
22,Mark Conley,Warriors,Basketball,Brazil
23,Tracey Miller,Eagles,Hockey,USA
24,Travis Bonilla,Eagles,Cricket,Canada
25,Crystal Williams,Dragons,Tennis,UK
26,Sherry Hunter,Lions,Tennis,Germany
27,Deborah Sampson,Tigers,Football,Germany
28,Kara Pierce,Eagles,Cricket,UK
29,Michael Campbell,Eagles,Basketball,Germany
30,Jessica Bryant,Dragons,Hockey,Canada
31,Nicole Wright,Lions,Football,UK
32,Elizabeth Hernandez,Tigers,Cricket,UK
33,Patrick Chase,Knights,Football,Australia
34,Jonathan Smith,Sharks,Cricket,USA
35,Melinda Chavez,Panthers,Football,USA
36,George Rodriguez,Lions,Tennis,Brazil
37,Emily Anderson,Lions,Hockey,UK
38,Carla Alvarez,Panthers,Hockey,India
39,Nicole Brown,Knights,Hockey,India
40,Alexis Benton,Lions,Cricket,Canada
41,Brenda Schneider,Lions,Football,Germany
42,James Miller,Dragons,Tennis,UK
43,Krista Brown,Panthers,Hockey,USA
44,Lonnie Ballard,Knights,Cricket,UK
45,Michael Gonzalez,Tigers,Football,Australia
46,Karen Bryant,Panthers,Hockey,Australia
47,Jennifer Higgins,Panthers,Cricket,France
48,John Gross,Dragons,Cricket,Germany
49,Kevin Gill,Panthers,Basketball,Brazil
50,Christine Hopkins,Sharks,Basketball,Australia
51,James Bennett,Dragons,Cricket,India
52,Ronald Mcintyre,Panthers,Football,Australia
53,Brad Smith,Dragons,Basketball,India
54,Jacob Gonzalez,Eagles,Cricket,UK
55,Christopher Wilkinson,Dragons,Cricket,Canada
56,Michael Malone,Panthers,Tennis,Australia
57,Isaac Kennedy,Lions,Hockey,France
58,Hannah Jones,Eagles,Hockey,Australia
59,Thomas Knight,Warriors,Cricket,Australia
60,Maria Morton,Warriors,Tennis,India
61,Brett Roberts,Warriors,Cricket,Germany
62,William Hill,Sharks,Hockey,USA
63,Diane Lee,Warriors,Hockey,Canada
64,Brian Robbins,Sharks,Football,India
65,James Harris,Panthers,Hockey,India
66,Michelle Alexander,Dragons,Hockey,Brazil
67,Megan Wilson,Knights,Basketball,Canada
68,Michael Rose,Knights,Hockey,Brazil
69,Cindy Sparks,Sharks,Basketball,UK
70,Mr. Justin Miranda MD,Dragons,Tennis,India
71,William Evans,Lions,Hockey,USA
72,Stephanie Hughes,Lions,Cricket,Canada
73,Michael Dyer,Warriors,Cricket,USA
74,John Martin,Knights,Football,UK
75,Cory Bradford,Dragons,Football,France
76,Andrew Martinez,Warriors,Tennis,Canada
77,Brooke Howard,Panthers,Basketball,Germany
78,Alexander May,Eagles,Tennis,Australia
79,Thomas Wilkins,Tigers,Tennis,Australia
80,Laura Mitchell,Knights,Basketball,Brazil
81,Gary Mason,Warriors,Cricket,Brazil
82,Benjamin Washington,Eagles,Cricket,Brazil
83,Angela Ayala,Sharks,Football,UK
84,Tracy Crosby,Eagles,Hockey,Australia
85,Bobby Jackson,Warriors,Football,France
86,Crystal Pacheco,Panthers,Hockey,Germany
87,Joshua Gibson,Eagles,Cricket,India
88,Heather Diaz,Warriors,Hockey,UK
89,Leslie Strong,Eagles,Cricket,Germany
90,Tommy Boyle,Sharks,Cricket,India
91,David Torres,Sharks,Tennis,UK
92,Lynn Young,Panthers,Hockey,France
93,Andrew Brown,Knights,Cricket,UK
94,Adam Payne,Eagles,Hockey,Australia
95,Jessica Lewis,Lions,Basketball,UK
96,Deborah Black,Dragons,Football,Australia
97,Mike Davis,Panthers,Football,Brazil
98,Paul Smith,Warriors,Hockey,Australia
99,Albert Chapman,Panthers,Hockey,Canada
100,Amanda Smith,Warriors,Cricket,Germany
